-- phpMyAdmin SQL Dump
-- version 5.2.1
-- https://www.phpmyadmin.net/
--
-- Host: 127.0.0.1
-- Generation Time: Sep 23, 2024 at 12:11 PM
-- Server version: 10.4.32-MariaDB
-- PHP Version: 8.1.25

SET SQL_MODE = "NO_AUTO_VALUE_ON_ZERO";
START TRANSACTION;
SET time_zone = "+00:00";


/*!40101 SET @OLD_CHARACTER_SET_CLIENT=@@CHARACTER_SET_CLIENT */;
/*!40101 SET @OLD_CHARACTER_SET_RESULTS=@@CHARACTER_SET_RESULTS */;
/*!40101 SET @OLD_COLLATION_CONNECTION=@@COLLATION_CONNECTION */;
/*!40101 SET NAMES utf8mb4 */;

--
-- Database: `inventory-tip`
--

-- --------------------------------------------------------

--
-- Table structure for table `bagian`
--

CREATE TABLE `bagian` (
  `uid` varchar(40) NOT NULL,
  `nama` varchar(255) DEFAULT NULL,
  `created_at` timestamp NOT NULL DEFAULT current_timestamp(),
  `created_by` varchar(40) DEFAULT NULL,
  `updated_at` timestamp NOT NULL DEFAULT current_timestamp() ON UPDATE current_timestamp(),
  `updated_by` varchar(40) DEFAULT NULL
) ENGINE=InnoDB DEFAULT CHARSET=utf8mb4 COLLATE=utf8mb4_general_ci;

--
-- Dumping data for table `bagian`
--

INSERT INTO `bagian` (`uid`, `nama`, `created_at`, `created_by`, `updated_at`, `updated_by`) VALUES
('5619ddf0-c5dd-4d81-a0ab-fd9f7dd9a6d5', 'Lab', '2024-09-12 23:57:45', '10753eb7-45f6-4f8a-a223-a330460f8799', '2024-09-12 23:57:45', NULL),
('68b7657a-e918-41a4-a733-b6080825e5af', 'Afval', '2024-09-12 23:57:25', '10753eb7-45f6-4f8a-a223-a330460f8799', '2024-09-12 23:57:25', NULL),
('73139110-ddae-4ddb-aaed-803291661422', 'Lain-lain', '2024-09-12 23:57:52', '10753eb7-45f6-4f8a-a223-a330460f8799', '2024-09-12 23:57:52', NULL),
('873a557a-67ac-4e08-8b31-da3c7e2c42e3', 'Follow up', '2024-09-12 23:57:32', '10753eb7-45f6-4f8a-a223-a330460f8799', '2024-09-12 23:57:32', NULL),
('8a05a6ac-7101-4c31-b737-e168daa62815', 'Grinding', '2024-09-12 23:57:36', '10753eb7-45f6-4f8a-a223-a330460f8799', '2024-09-12 23:57:36', NULL),
('a64ba902-7c3e-46e8-ab13-8abae5ac0283', 'Gudang', '2024-09-12 23:57:41', '10753eb7-45f6-4f8a-a223-a330460f8799', '2024-09-12 23:57:41', NULL),
('d23e865a-5de0-4a7b-9815-59cfae604aea', 'Produksi', '2024-09-12 23:57:56', '10753eb7-45f6-4f8a-a223-a330460f8799', '2024-09-12 23:57:56', NULL);

-- --------------------------------------------------------

--
-- Table structure for table `bahan`
--

CREATE TABLE `bahan` (
  `uid` varchar(40) NOT NULL,
  `nama` varchar(255) DEFAULT NULL,
  `kode` varchar(255) DEFAULT NULL,
  `satuan` varchar(255) DEFAULT NULL,
  `created_at` timestamp NOT NULL DEFAULT current_timestamp(),
  `created_by` varchar(40) DEFAULT NULL,
  `updated_at` timestamp NOT NULL DEFAULT current_timestamp() ON UPDATE current_timestamp(),
  `updated_by` varchar(40) DEFAULT NULL
) ENGINE=InnoDB DEFAULT CHARSET=utf8mb4 COLLATE=utf8mb4_general_ci;

--
-- Dumping data for table `bahan`
--

INSERT INTO `bahan` (`uid`, `nama`, `kode`, `satuan`, `created_at`, `created_by`, `updated_at`, `updated_by`) VALUES
('01cda4a8-3747-4942-887d-57d1811b538d', 'PE Surface Protection Tape HIS-990, 50mic*1250mm*190M, Clear (Sample)', 'PE50MIC*1250MM', 'SQM', '2024-09-10 08:27:12', '10753eb7-45f6-4f8a-a223-a330460f8799', '2024-09-10 08:27:12', NULL),
('022f839d-0b17-4f6a-975c-7fe72ba12b67', 'MASKING FILM 4609V PLAIN 1400 (NK)', 'MF4609PLN1400', 'SQM', '2024-09-10 08:27:12', '10753eb7-45f6-4f8a-a223-a330460f8799', '2024-09-10 08:27:12', NULL),
('02fb8ea7-26db-4e31-93ec-a4428356d034', 'ABS MAGNUM A440 (K)', 'A440K', 'KG', '2024-09-10 08:27:12', '10753eb7-45f6-4f8a-a223-a330460f8799', '2024-09-10 08:27:12', NULL),
('0568650e-fb47-4a55-b73a-0fd9087c11c6', 'Viscora Mirror 50 mic/1220 (Sample)', 'VM50', 'SQM', '2024-09-10 08:27:12', '10753eb7-45f6-4f8a-a223-a330460f8799', '2024-09-10 08:27:12', NULL),
('0a506581-6d32-4bd9-a524-7abe41938c04', 'Polifilm23/50DBHSPVIBLUE (SPL)', 'PF23', 'KG', '2024-09-10 08:27:12', '10753eb7-45f6-4f8a-a223-a330460f8799', '2024-09-10 08:27:12', NULL),
('10216a4a-27fd-4fdf-a109-c7160162c8c8', 'PMMA Foil FI116 75µ/1270mm Pattern GS90 Fabrics Metal', 'GS90FM', 'SQM', '2024-09-10 08:27:12', '10753eb7-45f6-4f8a-a223-a330460f8799', '2024-09-10 08:27:12', NULL),
('1045b82a-734e-4781-bd34-b2b7abbd18c9', 'UV, PET 50 My Transparent, PR /1220 (SAMPLE )', 'P50TPR', 'SQM', '2024-09-10 08:27:12', '10753eb7-45f6-4f8a-a223-a330460f8799', '2024-09-10 08:27:12', NULL),
('11b7c5a7-c1f6-451a-9b3b-1f5d48175818', 'Protective Film Clear 4174 SPL', 'PFC4174SPL', 'KG', '2024-09-10 08:27:12', '10753eb7-45f6-4f8a-a223-a330460f8799', '2024-09-10 08:27:12', NULL),
('14ecb1ee-a3d9-440b-9808-227ef7a113d5', 'ABS TA30-X01 ORANGE ASA', 'TA30-X01ORG', 'KG', '2024-09-10 08:27:12', '10753eb7-45f6-4f8a-a223-a330460f8799', '2024-09-10 08:27:12', NULL),
('168b836c-1bdf-4802-82dd-094e4ca40ea3', 'PE Protective Film 5AA-50 (Sample)', 'PE5AA-50', 'SQM', '2024-09-10 08:27:12', '10753eb7-45f6-4f8a-a223-a330460f8799', '2024-09-10 08:27:12', NULL),
('16b3370d-0c27-4eb3-81db-f1f948e5e41f', 'ABS MTA05 MATTE ASA', 'MTA05', 'KG', '2024-09-10 08:27:12', '10753eb7-45f6-4f8a-a223-a330460f8799', '2024-09-10 08:27:12', NULL),
('18ada921-e4d6-4683-b20e-16eac6ab83f0', 'PMMA ACRYPLUS WANHUA HD08L', 'HD08L (SPL)', 'KG', '2024-09-10 08:27:12', '10753eb7-45f6-4f8a-a223-a330460f8799', '2024-09-10 08:27:12', NULL),
('1a172b50-d17c-4c1f-8cbe-dfb327991c78', 'ABS MAGNUM A460 (K)', 'A460K', 'KG', '2024-09-10 08:27:12', '10753eb7-45f6-4f8a-a223-a330460f8799', '2024-09-10 08:27:12', NULL),
('1a93b10f-7b4a-4790-ad80-8f6bc6f151eb', 'UV, PET 50my,HSL/1300 (SAMPLE)', 'UVP501300', 'SQM', '2024-09-10 08:27:12', '10753eb7-45f6-4f8a-a223-a330460f8799', '2024-09-10 08:27:12', NULL),
('20087c1b-f0a0-457d-99b4-050fec33ecac', 'PMMA PLEXIGLAS PFE70 CLEAR 9V913', 'PPFE70', 'KG', '2024-09-10 08:27:12', '10753eb7-45f6-4f8a-a223-a330460f8799', '2024-09-10 08:27:12', NULL),
('220475f0-a4f8-467f-9bb7-f6c5c448cefd', 'Masking Film 4609 Print 600', 'MF4609PRT600', 'SQM', '2024-09-10 08:27:12', '10753eb7-45f6-4f8a-a223-a330460f8799', '2024-09-10 08:27:12', NULL),
('2281c724-8f06-453e-bb8b-e52d43f17ecd', 'Masking Film GH-X-375 CLEAR 1900X0.06MM (NK)', 'MF375CLR1900', 'SQM', '2024-09-10 08:27:12', '10753eb7-45f6-4f8a-a223-a330460f8799', '2024-09-10 08:27:12', NULL),
('241c7eb2-b8b1-4109-acfe-70ee0158b2da', 'ABS MAGNUM A440 NK', 'A440NK', 'KG', '2024-09-10 08:27:12', '10753eb7-45f6-4f8a-a223-a330460f8799', '2024-09-10 08:27:12', NULL),
('26d0f13e-3714-4a66-878d-67f1df494a02', 'F4239006P STR ARONA ELM DARKBROWN (SPL)', 'FSAED', 'SQM', '2024-09-10 08:27:12', '10753eb7-45f6-4f8a-a223-a330460f8799', '2024-09-10 08:27:12', NULL),
('2711da3d-a258-49b5-9d99-5d92d2644092', 'PE Protection Tape 1240 HIS-925C Clear 0.05mm (K)', 'PEPT925CCLEAR', 'SQM', '2024-09-10 08:27:12', '10753eb7-45f6-4f8a-a223-a330460f8799', '2024-09-10 08:27:12', NULL),
('2792af09-b801-43fe-9f72-17dc8d71551d', 'INFINO SC-1060U', 'INFINOSC1060U', 'KG', '2024-09-10 08:27:12', '10753eb7-45f6-4f8a-a223-a330460f8799', '2024-09-10 08:27:12', NULL),
('2bf4c71f-ff58-4bef-8d3d-2d395444e94b', 'MASKING FILM GH-X-374 CLEAR 1100X0.06MM (NK)', 'MF375CLR1100', 'SQM', '2024-09-10 08:27:12', '10753eb7-45f6-4f8a-a223-a330460f8799', '2024-09-10 08:27:12', NULL),
('30565e99-e155-4824-9417-efe7d395510f', 'Viscora Mirror 23 mic/1226 (Sample) Hueck Folien', 'VM23/1226', 'SQM', '2024-09-10 08:27:12', '10753eb7-45f6-4f8a-a223-a330460f8799', '2024-09-10 08:27:12', NULL),
('31558b17-31d9-4c34-98a0-156203dc14b6', 'PVC-1270', 'PVC-1270', 'KG', '2024-09-10 08:27:12', '10753eb7-45f6-4f8a-a223-a330460f8799', '2024-09-10 08:27:12', NULL),
('350616d8-fb26-46db-8618-ab1521775de5', 'TIARA MIX', 'TM', 'KG', '2024-09-10 08:27:12', '10753eb7-45f6-4f8a-a223-a330460f8799', '2024-09-10 08:27:12', NULL),
('375e4282-7244-4e49-82e8-5c27740c386a', 'Masking Film S1Q1 Plain 1300 50MY', 'MFS1Q1PLN1300', 'SQM', '2024-09-10 08:27:12', '10753eb7-45f6-4f8a-a223-a330460f8799', '2024-09-10 08:27:12', NULL),
('37bf20dc-bafd-4da0-bf64-bda7a9d7b916', 'NDT720 BLUE 1250 50MIC', 'NDT720B', 'KG', '2024-09-10 08:27:12', '10753eb7-45f6-4f8a-a223-a330460f8799', '2024-09-10 08:27:12', NULL),
('39cf4667-5680-4970-b77a-6c72628b9e0d', 'PE Protection Tape 1240 HIS-925B (NK)', 'PEPT1240(925B)NK', 'SQM', '2024-09-10 08:27:12', '10753eb7-45f6-4f8a-a223-a330460f8799', '2024-09-10 08:27:12', NULL),
('3ca5b5d1-3189-487e-a0a4-6531ea211df9', 'PMMA WEATHERGUARD 8112 HG CLEAR (SPL)', 'WG8112HG', 'KG', '2024-09-10 08:27:12', '10753eb7-45f6-4f8a-a223-a330460f8799', '2024-09-10 08:27:12', NULL),
('3cc1d0c1-d9fc-4727-9b12-afc691253333', 'Masking Film 4508 Bleu 1400mm 50mic DL14732 (Sample)', 'MFB1400(NOVACEL)', 'SQM', '2024-09-10 08:27:12', '10753eb7-45f6-4f8a-a223-a330460f8799', '2024-09-10 08:27:12', NULL),
('3e54b08d-f4ef-4523-b949-879939df3b2f', 'ASA STAREX WR-9700T', 'XWR9700T', 'KG', '2024-09-10 08:27:12', '10753eb7-45f6-4f8a-a223-a330460f8799', '2024-09-10 08:27:12', NULL),
('440701ca-f402-4782-804f-7051ea57bcea', 'Laminasi Structal P180 1360mm 330 SUPERMATT(SPL)', 'P180SM', 'SQM', '2024-09-10 08:27:12', '10753eb7-45f6-4f8a-a223-a330460f8799', '2024-09-10 08:27:12', NULL),
('451eeb51-a510-4dc9-b816-8906d05fec80', 'Adhesive Clean Roll 3\" 1400x20M, 600g', 'ACLEAN600', 'SQM', '2024-09-10 08:27:12', '10753eb7-45f6-4f8a-a223-a330460f8799', '2024-09-10 08:27:12', NULL),
('47494ae9-56f9-45c1-b7db-7ae449f131dd', 'PMMA SUMIPEX MH NATURAL', 'SMPXMH', 'KG', '2024-09-10 08:27:12', '10753eb7-45f6-4f8a-a223-a330460f8799', '2024-09-10 08:27:12', NULL),
('4d0ed4d2-8298-4c15-8dfd-a34e53827fea', 'FOIL ALUFIN SLA107343 LAM 1300MM (SPL)', 'FASLA107343(SPL)', 'KG', '2024-09-10 08:27:12', '10753eb7-45f6-4f8a-a223-a330460f8799', '2024-09-10 08:27:12', NULL),
('51ad0fb2-89c6-43de-85a9-38c04458e379', 'PE Protection Tape 1240 HIS-990NP(C)PRINT, 0.06mm (K)', 'PEPT990NPPRTK', 'SQM', '2024-09-10 08:27:12', '10753eb7-45f6-4f8a-a223-a330460f8799', '2024-09-10 08:27:12', NULL),
('523d7261-ac30-4f96-9bab-6a29be387ab4', 'ABS LG CHEM SPL', 'LGCHEM', 'KG', '2024-09-10 08:27:12', '10753eb7-45f6-4f8a-a223-a330460f8799', '2024-09-10 08:27:12', NULL),
('52d9585b-7cd1-4877-b36c-c6aaf2c61788', 'PVC-A-D2009(1) (SAMPLE)', 'PAD2009', 'SQM', '2024-09-10 08:27:12', '10753eb7-45f6-4f8a-a223-a330460f8799', '2024-09-10 08:27:12', NULL),
('53e5c6af-ace6-4561-8de6-779a5dbe0c89', 'PVC-LG007(1) (SAMPLE)', 'PLG007', 'SQM', '2024-09-10 08:27:12', '10753eb7-45f6-4f8a-a223-a330460f8799', '2024-09-10 08:27:12', NULL),
('559b09a3-ff9f-4696-9f0e-c9abfbd87f9f', 'PE PROTECTION TAPE 1240 HIS-990L BLUE (K)', 'PEPT1240(990B)K', 'SQM', '2024-09-10 08:27:12', '10753eb7-45f6-4f8a-a223-a330460f8799', '2024-09-10 08:27:12', NULL),
('55e1f95d-9eb4-4f6e-b27a-e31d67294334', 'PE Protection Tape 1240 HIS-990NP(C)CLEAR, 0.06mm (K)', 'PEPT990NPCLRK', 'SQM', '2024-09-10 08:27:12', '10753eb7-45f6-4f8a-a223-a330460f8799', '2024-09-10 08:27:12', NULL),
('5833529f-20f6-4281-b5bd-30cc1ac801c7', 'Masking Film S1Q1 Plain 1310 50MY', 'MFS1Q1PLN1310', 'SQM', '2024-09-10 08:27:12', '10753eb7-45f6-4f8a-a223-a330460f8799', '2024-09-10 08:27:12', NULL),
('587ce800-05b0-44ad-96fe-d71047568418', 'Masking Film 4609 Printed 580', 'MF4609PRT580', 'SQM', '2024-09-10 08:27:12', '10753eb7-45f6-4f8a-a223-a330460f8799', '2024-09-10 08:27:12', NULL),
('58d1d07a-020f-4175-8cb7-851cf4755524', 'PE Protection Tape 1240 HIS-390B NEW Plain (SPL)', 'PEPT1240(390B)SPL', 'SQM', '2024-09-10 08:27:12', '10753eb7-45f6-4f8a-a223-a330460f8799', '2024-09-10 08:27:12', NULL),
('5c105788-2581-4b79-ac99-8872d335b18b', 'ABS MATT NATURAL (SPL)', 'MATT', 'KG', '2024-09-10 08:27:12', '10753eb7-45f6-4f8a-a223-a330460f8799', '2024-09-10 08:27:12', NULL),
('5e0c8c0e-e343-45e3-9ce0-0e85000ac8b2', 'PMMA ACRYPLUS WANHUA HD01', 'HD01 (SPL)', 'KG', '2024-09-10 08:27:12', '10753eb7-45f6-4f8a-a223-a330460f8799', '2024-09-10 08:27:12', NULL),
('5f18a8d7-3b27-4956-b5f5-7f91fb1cea10', 'MF PM7-TN A3246 BLUE (SPL)', 'A3246', 'KG', '2024-09-10 08:27:12', '10753eb7-45f6-4f8a-a223-a330460f8799', '2024-09-10 08:27:12', NULL),
('61ac4641-cf1d-4e4e-a976-51b8178a880c', 'BRIGHT FILM MITT8BIR4 1220MM (SPL)', 'M8B41220', 'SQM', '2024-09-10 08:27:12', '10753eb7-45f6-4f8a-a223-a330460f8799', '2024-09-10 08:27:12', NULL),
('655cea10-68f8-410d-bcee-db664c113574', 'Masking Film 4609 Plain 620', 'MF4609PRT620', 'SQM', '2024-09-10 08:27:12', '10753eb7-45f6-4f8a-a223-a330460f8799', '2024-09-10 08:27:12', NULL),
('673c5445-4356-49c2-b344-c398360ad08e', 'Masking Film 4609 Printed 1240 (NON KITE)', 'MF4609PRT1240(NK)', 'SQM', '2024-09-10 08:27:12', '10753eb7-45f6-4f8a-a223-a330460f8799', '2024-09-10 08:27:12', NULL),
('675fd5b5-3bb6-4146-903f-cd42a1cea3f7', 'Plastic Protective Film Plain 1223 (Sample)', 'PPF1223', 'KG', '2024-09-10 08:27:12', '10753eb7-45f6-4f8a-a223-a330460f8799', '2024-09-10 08:27:12', NULL),
('676f4c64-916a-4e9d-9cb6-feaa97655670', 'Masking Film Clear 1240 (Sample Bischof)', 'MFCLEAR1240', 'KG', '2024-09-10 08:27:12', '10753eb7-45f6-4f8a-a223-a330460f8799', '2024-09-10 08:27:12', NULL),
('67d2e362-1d75-4ab9-9a84-964e45cd1d08', 'PS STYRON 685 D', 'PS685D', 'KG', '2024-09-10 08:27:12', '10753eb7-45f6-4f8a-a223-a330460f8799', '2024-09-10 08:27:12', NULL),
('6ff547f6-bfc4-46a3-8cf1-9e6f8598e9f4', 'Gloss Chrome MITT8BIR4 (1240mmx50m) (SAMPLE)', 'GCM8B1240', 'SQM', '2024-09-10 08:27:12', '10753eb7-45f6-4f8a-a223-a330460f8799', '2024-09-10 08:27:12', NULL),
('700d4994-ff68-496d-be0c-cc8c2687a890', 'PMMA PLEXIGLAS 8N (K)', 'P8NK', 'KG', '2024-09-10 08:27:12', '10753eb7-45f6-4f8a-a223-a330460f8799', '2024-09-10 08:27:12', NULL),
('70387255-65fb-44fa-ace9-8cbb0864a898', 'PMMA PLEXIGLAS 8N (NK)', 'P8N', 'KG', '2024-09-10 08:27:12', '10753eb7-45f6-4f8a-a223-a330460f8799', '2024-09-10 08:27:12', NULL),
('7041e1cd-61e0-4999-a1b4-5eb75e936652', 'UV, PET 50my,Print /1220 (SAMPLE)', 'UVP50P1220', 'SQM', '2024-09-10 08:27:12', '10753eb7-45f6-4f8a-a223-a330460f8799', '2024-09-10 08:27:12', NULL),
('704a985e-3ec9-433b-95ca-1a81a5edb110', 'PVC-1255', 'PVC-1255', 'KG', '2024-09-10 08:27:12', '10753eb7-45f6-4f8a-a223-a330460f8799', '2024-09-10 08:27:12', NULL),
('738a635e-9741-4602-a6dc-e606f4055cf4', 'PMMA Glossy Foil 53µ/1270mm Design GS/90 (SAMPLE)', 'GS/90(SPL)', 'SQM', '2024-09-10 08:27:12', '10753eb7-45f6-4f8a-a223-a330460f8799', '2024-09-10 08:27:12', NULL),
('75cccb89-3c3c-4135-a674-6c5417f2665e', 'Viscora Mirror 50 mic/1226 (Sample) Hueck Folien', 'VM50/1226', 'SQM', '2024-09-10 08:27:12', '10753eb7-45f6-4f8a-a223-a330460f8799', '2024-09-10 08:27:12', NULL),
('779deee6-1d47-4077-b755-ec0f036aef49', 'ABS MAGNUM 3904 Smooth (K)', '3904(K)', 'KG', '2024-09-10 08:27:12', '10753eb7-45f6-4f8a-a223-a330460f8799', '2024-09-10 08:27:12', NULL),
('792de5a7-e054-4c60-bbda-4dd93c862e8f', 'ABS MAGNUM MATT', 'ABSMATT', 'KG', '2024-09-10 08:27:12', '10753eb7-45f6-4f8a-a223-a330460f8799', '2024-09-10 08:27:12', NULL),
('7a4d40ce-0edf-4d7e-9e07-6ab83ff9449b', 'MF NDT 700 (SAMPLE)', NULL, 'KG', '2024-09-10 08:27:12', '10753eb7-45f6-4f8a-a223-a330460f8799', '2024-09-10 08:27:12', NULL),
('7aa2be79-3cd1-4eb1-abac-8d651c849a99', 'PE Protection Tape 1240 HIS-620B (NK)', 'PEPT1240(620B)', 'SQM', '2024-09-10 08:27:12', '10753eb7-45f6-4f8a-a223-a330460f8799', '2024-09-10 08:27:12', NULL),
('7eadce5b-0d94-4208-a953-c479e56a6993', 'MASKING FILM S1Q1 PLAIN 1240x0.05MM (K)', NULL, 'SQM', '2024-09-10 08:27:12', '10753eb7-45f6-4f8a-a223-a330460f8799', '2024-09-10 08:27:12', NULL),
('83b6187b-b320-46f3-81fe-11045166f7a7', 'MF 1240 SK7343 CLEAR (SAMPLE)', 'SK7343SPL', 'KG', '2024-09-10 08:27:12', '10753eb7-45f6-4f8a-a223-a330460f8799', '2024-09-10 08:27:12', NULL),
('842c3a7f-8ad7-4133-b885-27ce077d9152', 'Masking Film 4609 Print 750', 'MF4609PRT750', 'SQM', '2024-09-10 08:27:12', '10753eb7-45f6-4f8a-a223-a330460f8799', '2024-09-10 08:27:12', NULL),
('85470aa6-484b-4547-bf1f-5a6c5a3ad892', 'PE Protective Film 1220mm Sample', 'PEPF1220', 'KG', '2024-09-10 08:27:12', '10753eb7-45f6-4f8a-a223-a330460f8799', '2024-09-10 08:27:12', NULL),
('8afb94d6-d338-4644-bfb4-fef5213b436f', 'MF NDT700 BLUE(V.4) SPL', 'NDT700BV.4', 'KG', '2024-09-10 08:27:12', '10753eb7-45f6-4f8a-a223-a330460f8799', '2024-09-10 08:27:12', NULL),
('8e106ef8-6178-4860-a381-3ae28bf207b9', 'PE Protection Tape 1240 HIS-990NP(C)CLEAR PRINT, 0.06mm (K)', 'PEPT990NPCLRPRT', 'SQM', '2024-09-10 08:27:12', '10753eb7-45f6-4f8a-a223-a330460f8799', '2024-09-10 08:27:12', NULL),
('916f5e82-bb07-4c36-be0c-27c48799eefc', 'PE Protection Tape 1240 HIS-390B Plain', 'PEPT1240(390B)', 'SQM', '2024-09-10 08:27:12', '10753eb7-45f6-4f8a-a223-a330460f8799', '2024-09-10 08:27:12', NULL),
('9368540a-4edb-4098-9b18-6ce8efabcc7b', 'F1 PMMA BRILLIANT FOIL 75 PATTERN ZO93', 'PB93', 'KG', '2024-09-10 08:27:12', '10753eb7-45f6-4f8a-a223-a330460f8799', '2024-09-10 08:27:12', NULL),
('945bce1b-8556-4f7e-8a54-566f6bfcdf68', 'PMMA XL553 (K)', 'XL553(K)', 'KG', '2024-09-10 08:27:12', '10753eb7-45f6-4f8a-a223-a330460f8799', '2024-09-10 08:27:12', NULL),
('95ad8c25-a78f-49d2-a800-db2fd3741f31', 'Protective Film Clear 9556x1240mm', 'PFC9556', 'KG', '2024-09-10 08:27:12', '10753eb7-45f6-4f8a-a223-a330460f8799', '2024-09-10 08:27:12', NULL),
('9f8a050d-248f-4797-b939-91137a561006', 'ABS MAGNUM A290X (K)', 'A290XK', 'KG', '2024-09-10 08:27:12', '10753eb7-45f6-4f8a-a223-a330460f8799', '2024-09-10 08:27:12', NULL),
('9ffd2d01-d91d-426e-96d1-fb6e23e11796', 'PE Protection Tape 1240 HIS-390B Plain (K)', 'PEPT1240(390B)K', 'SQM', '2024-09-10 08:27:12', '10753eb7-45f6-4f8a-a223-a330460f8799', '2024-09-10 08:27:12', NULL),
('a2924819-3c64-482d-93ce-0d767b7118c8', 'Viscora Mirror 50 mic/1290 (Sample) Hueck Folien', 'VM50/1290 (SPL)', 'SQM', '2024-09-10 08:27:12', '10753eb7-45f6-4f8a-a223-a330460f8799', '2024-09-10 08:27:12', NULL),
('a2941c92-5459-43d0-a26a-84591921cb16', 'PMMA LX XM553 (K)', 'XM553', 'KG', '2024-09-10 08:27:12', '10753eb7-45f6-4f8a-a223-a330460f8799', '2024-09-10 08:27:12', NULL),
('a40f00c0-28fa-434b-8a62-9b37052c9899', 'PMMA PLEXIGLAS XF03 (K)', 'PXSF03K', 'KG', '2024-09-10 08:27:12', '10753eb7-45f6-4f8a-a223-a330460f8799', '2024-09-10 08:27:12', NULL),
('a47477d9-821e-4be5-a154-03d8f8032dd8', 'PMMA SUMIPEX EX NATURAL', 'SMPXEX', 'KG', '2024-09-10 08:27:12', '10753eb7-45f6-4f8a-a223-a330460f8799', '2024-09-10 08:27:12', NULL),
('ad3f65d9-1b69-4219-841b-ec67f7e71a2f', 'PMMA GLOSSY 75µ AF29 BATCH P23319 (SPL) UK. 1280MM', 'AF29(SPL)', 'KG', '2024-09-10 08:27:12', '10753eb7-45f6-4f8a-a223-a330460f8799', '2024-09-10 08:27:12', NULL),
('af7d6f31-ea50-4809-93d1-f9c8f4080f17', 'Laminasi Silicure P70 TP330 Supermatt (SPL)', 'P70SM', 'SQM', '2024-09-10 08:27:12', '10753eb7-45f6-4f8a-a223-a330460f8799', '2024-09-10 08:27:12', NULL),
('b05c9dd0-d92e-4a9a-a605-2e26b41a4f77', 'MF 1250 B2-K7P CLEAR (SAMPLE)', 'B2K7PSPL', 'KG', '2024-09-10 08:27:12', '10753eb7-45f6-4f8a-a223-a330460f8799', '2024-09-10 08:27:12', NULL),
('b0af69a9-f0b3-4c07-a6f3-d38b4e3a0a6c', 'Masking Film GH-X-375 CLEAR 1500X0.06MM (NK)', 'MF375CLR1500', 'SQM', '2024-09-10 08:27:12', '10753eb7-45f6-4f8a-a223-a330460f8799', '2024-09-10 08:27:12', NULL),
('b0d9a4a8-d4d9-412f-acf4-02e8f9f010bf', 'MF NDT 700 BLUE 50MC (SAMPLE)', 'NDT700BL(SPL)', 'KG', '2024-09-10 08:27:12', '10753eb7-45f6-4f8a-a223-a330460f8799', '2024-09-10 08:27:12', NULL),
('b3238db6-e13a-468d-8cc7-3db70242bf35', 'PE Protective Film Glossy Surface 0.04mmx600mmx50m Low 20 (SPL)', 'PEPFGSL20', 'KG', '2024-09-10 08:27:12', '10753eb7-45f6-4f8a-a223-a330460f8799', '2024-09-10 08:27:12', NULL),
('b7565f41-f5a9-49aa-a2fe-736776a02b90', 'UV, PET 50 My, Print Design Stein/1310 (SAMPLE)', 'UVP50PS1310', 'SQM', '2024-09-10 08:27:12', '10753eb7-45f6-4f8a-a223-a330460f8799', '2024-09-10 08:27:12', NULL),
('b7ffedce-cc96-4d2a-9708-6478f6b2f362', 'ABS STAREX  HE-0110P(SPL)', 'HE0110S', 'KG', '2024-09-10 08:27:12', '10753eb7-45f6-4f8a-a223-a330460f8799', '2024-09-10 08:27:12', NULL),
('b9a7d841-d898-48d2-a878-91b44821c918', 'UV-L, PET 50 Mic2 , AL-Met, Pr, HSL/1220 (SAMPLE )', 'UVLP5021220', 'SQM', '2024-09-10 08:27:12', '10753eb7-45f6-4f8a-a223-a330460f8799', '2024-09-10 08:27:12', NULL),
('bbd172bc-acec-4a41-838b-edacf7a560a8', 'PMMA TEXTURED FOIL 75µ/1270MM DESIGN  BK90 BLACK (SPL)', 'DBK90', 'KG', '2024-09-10 08:27:12', '10753eb7-45f6-4f8a-a223-a330460f8799', '2024-09-10 08:27:12', NULL),
('bef31874-20e1-4238-88d4-5075ebf493b3', 'PE PROTECTION TAPE 1240 925B (K)', 'PEPT1240(925B)K', 'SQM', '2024-09-10 08:27:12', '10753eb7-45f6-4f8a-a223-a330460f8799', '2024-09-10 08:27:12', NULL),
('c1966577-0f7f-4845-a184-9221fb1ab2a3', 'Gross Type Gross C1-3 ( SAMPLE )', 'GTGC13', 'SQM', '2024-09-10 08:27:12', '10753eb7-45f6-4f8a-a223-a330460f8799', '2024-09-10 08:27:12', NULL),
('c48bc6d8-ebfd-433a-93a6-c9d003eb51f0', 'Masking Film 4510V Clear 1240 50mic (Sample)', 'MFC1240(NOVACEL)', 'SQM', '2024-09-10 08:27:12', '10753eb7-45f6-4f8a-a223-a330460f8799', '2024-09-10 08:27:12', NULL),
('c5eaeea5-b7a5-43dc-b462-9940b57afe01', 'PE Protection Tape 1240 HIS-925C Print 0.06mm (K)', 'PEPT925CPRINT', 'SQM', '2024-09-10 08:27:12', '10753eb7-45f6-4f8a-a223-a330460f8799', '2024-09-10 08:27:12', NULL),
('c6da5763-7857-4ffa-8038-963b4baf155a', 'Masking Film Clear 1900 SPL 8600', 'MFC1900SPL', 'KG', '2024-09-10 08:27:12', '10753eb7-45f6-4f8a-a223-a330460f8799', '2024-09-10 08:27:12', NULL),
('c732bd9d-03a8-4752-bba8-a46ea2cc0b4e', 'Viscora Mirror 50 mic/1290 Hueck Folien', 'VM50/1290', 'SQM', '2024-09-10 08:27:12', '10753eb7-45f6-4f8a-a223-a330460f8799', '2024-09-10 08:27:12', NULL),
('c739deb0-2be4-48ba-96d6-0832a910125a', 'Protection Film 1240 Clear 4374 (SPL)', '4374(SPL)', 'SQM', '2024-09-10 08:27:12', '10753eb7-45f6-4f8a-a223-a330460f8799', '2024-09-10 08:27:12', NULL),
('c878ebd1-cdaf-4800-aaf4-3cbd086425ff', 'MF 63N CLEAR 124*13*13CM', 'MF63N', 'KG', '2024-09-10 08:27:12', '10753eb7-45f6-4f8a-a223-a330460f8799', '2024-09-10 08:27:12', NULL),
('c8a4ad5a-2063-4f5a-bc5e-55c3a2f0f91a', 'PMMA SUMIPEX SM2 (SPL)', 'SMPXSM2', 'KG', '2024-09-10 08:27:12', '10753eb7-45f6-4f8a-a223-a330460f8799', '2024-09-10 08:27:12', NULL),
('c9b5d956-a275-4e59-989d-f3d7b6e935e5', 'Laminasi Silicure K70 TP822 Supermatt (SPL)', 'K70SM', 'SQM', '2024-09-10 08:27:12', '10753eb7-45f6-4f8a-a223-a330460f8799', '2024-09-10 08:27:12', NULL),
('cb6e928f-1ad5-428d-a581-89978cd05ade', 'Adhesive Clean Roll 3\" 1400x20M, 400g', 'ACLEAN400', 'SQM', '2024-09-10 08:27:12', '10753eb7-45f6-4f8a-a223-a330460f8799', '2024-09-10 08:27:12', NULL),
('cf97cb69-9b3a-4ad9-bab1-431f82c45d4a', 'Masking Film Blue 1240*50mic 925B(Sample HIS)', 'PEPT1240(925B)', 'SQM', '2024-09-10 08:27:12', '10753eb7-45f6-4f8a-a223-a330460f8799', '2024-09-10 08:27:12', NULL),
('d14d611b-c4f8-4bce-be00-4727bc37f6cb', 'Masking Film S1 Q1 Printed 1240x0.05mm', 'MFS1Q1PRT1240', 'SQM', '2024-09-10 08:27:12', '10753eb7-45f6-4f8a-a223-a330460f8799', '2024-09-10 08:27:12', NULL),
('d21cb781-20d7-4793-afbd-5d89e3ad974e', 'PE Protection Tape HIS-DT750, 50mic*600mm*200m,Clear Sample', 'HIS-DT750(SPL)', 'KG', '2024-09-10 08:27:12', '10753eb7-45f6-4f8a-a223-a330460f8799', '2024-09-10 08:27:12', NULL),
('d2cc47e4-cdf7-4a36-8042-08078cc73429', 'PMMA Foil FI116 75µ/1270mm Pattern IW90 Wood 3 D', 'IW90W3D', 'SQM', '2024-09-10 08:27:12', '10753eb7-45f6-4f8a-a223-a330460f8799', '2024-09-10 08:27:12', NULL),
('d6989680-bcbd-4caa-afaf-fa903a770f2d', 'MASKING FILM 4609 PRINTED 1240 (K)', 'MF4609PRT1240(K)', 'SQM', '2024-09-10 08:27:12', '10753eb7-45f6-4f8a-a223-a330460f8799', '2024-09-10 08:27:12', NULL),
('d7440fec-1204-4970-b2cb-67cf12da10a7', 'PE Protection Tape 1240 HIS-990B Blue', 'PEPT1240(990B)', 'SQM', '2024-09-10 08:27:12', '10753eb7-45f6-4f8a-a223-a330460f8799', '2024-09-10 08:27:12', NULL),
('d87fc9be-fe15-4df7-9274-9eb33fa8a628', 'ABS TOYOLAC T-100 (322) NATURAL', 'T100N', 'KG', '2024-09-10 08:27:12', '10753eb7-45f6-4f8a-a223-a330460f8799', '2024-09-10 08:27:12', NULL),
('d98564fd-87d7-4d5e-a41c-62370065e782', 'UV, PET 50 My, Print Design Rost/1310 (SAMPLE)', 'UVP50PR1310', 'SQM', '2024-09-10 08:27:12', '10753eb7-45f6-4f8a-a223-a330460f8799', '2024-09-10 08:27:12', NULL),
('da6b7a3b-4457-4ac9-b8c8-5238f6e73040', 'Masking Film S1Q1 Plain 1240x0.05mm', 'MFS1Q1PLN1240', 'SQM', '2024-09-10 08:27:12', '10753eb7-45f6-4f8a-a223-a330460f8799', '2024-09-10 08:27:12', NULL),
('dbf90fc3-c747-4c07-a223-461c0d2fdb9f', 'PE Protection Tape HIS-620B, 50mic*200mm, Blue (SPL)', 'PEPT620B(SPL)', 'SQM', '2024-09-10 08:27:12', '10753eb7-45f6-4f8a-a223-a330460f8799', '2024-09-10 08:27:12', NULL),
('dd6d75f5-3a97-4bf6-adf7-aa68d002051e', 'EF1501884 CLASSICO IVORY MIT PRIMER (SPL)', 'EFCIMP', 'SQM', '2024-09-10 08:27:12', '10753eb7-45f6-4f8a-a223-a330460f8799', '2024-09-10 08:27:12', NULL),
('e0e0a9aa-2452-4873-a030-2f29c9f230dc', 'PE PROTECTION TAPE 1240 HIS-990LH BLUE (K)', 'PEPT1240(990LH)K', 'SQM', '2024-09-10 08:27:12', '10753eb7-45f6-4f8a-a223-a330460f8799', '2024-09-10 08:27:12', NULL),
('e170c2d0-6071-4714-8ba6-0c8c9e2aac3c', 'INFINO SC-1100UR NP NATURAL', 'INFINO1100N', 'KG', '2024-09-10 08:27:12', '10753eb7-45f6-4f8a-a223-a330460f8799', '2024-09-10 08:27:12', NULL),
('e3bc7300-b4cc-4b34-9bcd-13210c6d1694', 'PE Protective Film 5AA-60 (Sample)', 'PE5AA-60', 'SQM', '2024-09-10 08:27:12', '10753eb7-45f6-4f8a-a223-a330460f8799', '2024-09-10 08:27:12', NULL),
('e432820c-56b7-42d6-9be5-e8d474e40512', 'MF PM7-CT A2242 BLUE (SPL)', 'A2242', 'KG', '2024-09-10 08:27:12', '10753eb7-45f6-4f8a-a223-a330460f8799', '2024-09-10 08:27:12', NULL),
('e6b038f0-f13d-4900-aae6-83e7914fc932', 'MF De Protection Incolore 1900 CLEAR KODE 9872(Sample Novacel)', 'INCOLORE1900(SPL)', 'SQM', '2024-09-10 08:27:12', '10753eb7-45f6-4f8a-a223-a330460f8799', '2024-09-10 08:27:12', NULL),
('e739916a-6068-4d24-951a-648da3271dd7', 'PE Protection Tape 1240 HIS-990NP(B)BLUE, 0.06mm (K)', 'PEPT990NPBLK', 'SQM', '2024-09-10 08:27:12', '10753eb7-45f6-4f8a-a223-a330460f8799', '2024-09-10 08:27:12', NULL),
('e7cf8c1b-25b5-4214-a2cc-865a3f199a80', 'Masking Film S1Q1 Plain 1223 50MY', 'MFS1Q1PLN1223', 'SQM', '2024-09-10 08:27:12', '10753eb7-45f6-4f8a-a223-a330460f8799', '2024-09-10 08:27:12', NULL),
('ea65e14c-a875-48f5-a4b6-ef2b98183ce6', 'Protective Film 4233 SPL', 'PF4233SPL', 'KG', '2024-09-10 08:27:12', '10753eb7-45f6-4f8a-a223-a330460f8799', '2024-09-10 08:27:12', NULL),
('f4a009e5-0995-4497-a3a2-13cc2bf534e0', 'F1 PMMA BRILLIANT FOIL 75 PATTERN GS90', 'PB90', 'SQM', '2024-09-10 08:27:12', '10753eb7-45f6-4f8a-a223-a330460f8799', '2024-09-10 08:27:12', NULL),
('f4e5e1ef-01cf-49bc-b3d4-28e4296f2efc', 'Masking Film GH-X-375 Clear 1900X0.06mm (K)', 'MF375CLR1900K', 'SQM', '2024-09-10 08:27:12', '10753eb7-45f6-4f8a-a223-a330460f8799', '2024-09-10 08:27:12', NULL),
('f526229e-cbe0-4b37-8935-8d663decff71', 'PMMA Acryplus Wanhua HD03', 'HD03', 'KG', '2024-09-10 08:27:12', '10753eb7-45f6-4f8a-a223-a330460f8799', '2024-09-10 08:27:12', NULL),
('f70ab11f-4c75-4b7a-b8cf-f32325ebf50e', 'Hairline MITTAAB1L (1070mmx50m) (SAMPLE)', 'HLMAAB1L1070', 'SQM', '2024-09-10 08:27:12', '10753eb7-45f6-4f8a-a223-a330460f8799', '2024-09-10 08:27:12', NULL),
('f7a25b50-4439-4a1b-870e-a8c92e696980', 'UV, PET 23 Brush, Al-Met, HSL/1220 ( SAMPLE )', 'UP23B', 'SQM', '2024-09-10 08:27:12', '10753eb7-45f6-4f8a-a223-a330460f8799', '2024-09-10 08:27:12', NULL),
('f80d8a53-b301-4b28-b78c-ba477f0442ef', 'Matte Type Satin E -130 ( SAMPLE )', 'MTSE130', 'SQM', '2024-09-10 08:27:12', '10753eb7-45f6-4f8a-a223-a330460f8799', '2024-09-10 08:27:12', NULL),
('f9bdc802-1db2-481b-a279-ef62d352275a', 'Polifilm21/2/50DPVIBLUE (SPL)', 'PF21', 'KG', '2024-09-10 08:27:12', '10753eb7-45f6-4f8a-a223-a330460f8799', '2024-09-10 08:27:12', NULL),
('fb794a11-32e1-42a2-bb8e-0f3fb2f63df5', 'PE Protection Tape 1240 HIS-620B (K)', 'PEPT1240(620B)K', 'SQM', '2024-09-10 08:27:12', '10753eb7-45f6-4f8a-a223-a330460f8799', '2024-09-10 08:27:12', NULL);

-- --------------------------------------------------------

--
-- Table structure for table `bahan_keluar`
--

CREATE TABLE `bahan_keluar` (
  `uid` varchar(40) NOT NULL,
  `transaksi` enum('keluar','retur') DEFAULT NULL,
  `nomor_bukti` varchar(255) DEFAULT NULL,
  `tanggal_bukti` date DEFAULT NULL,
  `nomor_spk` varchar(255) DEFAULT NULL,
  `bagian_uid` varchar(40) DEFAULT NULL,
  `created_at` timestamp NOT NULL DEFAULT current_timestamp(),
  `created_by` varchar(40) DEFAULT NULL,
  `updated_at` timestamp NOT NULL DEFAULT current_timestamp() ON UPDATE current_timestamp(),
  `updated_by` varchar(40) DEFAULT NULL
) ENGINE=InnoDB DEFAULT CHARSET=utf8mb4 COLLATE=utf8mb4_general_ci;

--
-- Dumping data for table `bahan_keluar`
--

INSERT INTO `bahan_keluar` (`uid`, `transaksi`, `nomor_bukti`, `tanggal_bukti`, `nomor_spk`, `bagian_uid`, `created_at`, `created_by`, `updated_at`, `updated_by`) VALUES
('1f794cdd-19f1-4d5d-98bd-1c20adefd8f8', 'keluar', '123', '2024-09-11', '123', 'd23e865a-5de0-4a7b-9815-59cfae604aea', '2024-09-22 23:40:04', '10753eb7-45f6-4f8a-a223-a330460f8799', '2024-09-23 00:24:16', '10753eb7-45f6-4f8a-a223-a330460f8799');

-- --------------------------------------------------------

--
-- Table structure for table `bahan_keluar_item`
--

CREATE TABLE `bahan_keluar_item` (
  `uid` varchar(40) NOT NULL,
  `bahan_keluar_uid` varchar(40) DEFAULT NULL,
  `bahan_uid` varchar(40) DEFAULT NULL,
  `jumlah` decimal(10,3) UNSIGNED DEFAULT NULL,
  `jumlah_kg` decimal(10,3) UNSIGNED DEFAULT NULL,
  `created_at` timestamp NOT NULL DEFAULT current_timestamp(),
  `created_by` varchar(40) DEFAULT NULL,
  `updated_at` timestamp NOT NULL DEFAULT current_timestamp() ON UPDATE current_timestamp(),
  `updated_by` varchar(40) DEFAULT NULL
) ENGINE=InnoDB DEFAULT CHARSET=utf8mb4 COLLATE=utf8mb4_general_ci;

--
-- Dumping data for table `bahan_keluar_item`
--

INSERT INTO `bahan_keluar_item` (`uid`, `bahan_keluar_uid`, `bahan_uid`, `jumlah`, `jumlah_kg`, `created_at`, `created_by`, `updated_at`, `updated_by`) VALUES
('8e739949-6cc9-4d17-9f7d-dd5232650318', '1f794cdd-19f1-4d5d-98bd-1c20adefd8f8', '022f839d-0b17-4f6a-975c-7fe72ba12b67', 234.000, 444.000, '2024-09-23 07:25:33', '10753eb7-45f6-4f8a-a223-a330460f8799', '2024-09-23 00:27:20', '10753eb7-45f6-4f8a-a223-a330460f8799'),
('b3324cde-478a-4357-8f21-9a84dc96c793', '1f794cdd-19f1-4d5d-98bd-1c20adefd8f8', '02fb8ea7-26db-4e31-93ec-a4428356d034', 123.000, 123.000, '2024-09-23 06:40:04', '10753eb7-45f6-4f8a-a223-a330460f8799', '2024-09-23 00:16:52', '10753eb7-45f6-4f8a-a223-a330460f8799');

-- --------------------------------------------------------

--
-- Table structure for table `bahan_masuk`
--

CREATE TABLE `bahan_masuk` (
  `uid` varchar(40) NOT NULL,
  `tipe` enum('lokal','impor') DEFAULT NULL,
  `nomor_bukti` varchar(255) DEFAULT NULL,
  `nomor_pib` varchar(255) DEFAULT NULL,
  `nomor_po` varchar(255) DEFAULT NULL,
  `supplier_uid` varchar(40) DEFAULT NULL,
  `kurs` decimal(15,2) UNSIGNED DEFAULT NULL,
  `tanggal_bukti` date DEFAULT NULL,
  `tanggal_pib` date DEFAULT NULL,
  `tanggal_pib_expire` date DEFAULT NULL,
  `created_at` timestamp NOT NULL DEFAULT current_timestamp(),
  `created_by` varchar(40) DEFAULT NULL,
  `updated_at` timestamp NOT NULL DEFAULT current_timestamp() ON UPDATE current_timestamp(),
  `updated_by` varchar(40) DEFAULT NULL
) ENGINE=InnoDB DEFAULT CHARSET=utf8mb4 COLLATE=utf8mb4_general_ci;

--
-- Dumping data for table `bahan_masuk`
--

INSERT INTO `bahan_masuk` (`uid`, `tipe`, `nomor_bukti`, `nomor_pib`, `nomor_po`, `supplier_uid`, `kurs`, `tanggal_bukti`, `tanggal_pib`, `tanggal_pib_expire`, `created_at`, `created_by`, `updated_at`, `updated_by`) VALUES
('0e775ec8-bd37-4838-815a-4e8dadf97755', 'impor', 'BPB0039/2024', '930165', '00582-TIP-2408', 'd5e1476f-106d-4780-95ab-f4ede7962b25', 15450.00, '2024-09-09', '2024-09-07', '2025-01-07', '2024-09-18 19:53:14', '10753eb7-45f6-4f8a-a223-a330460f8799', '2024-09-20 02:14:42', '10753eb7-45f6-4f8a-a223-a330460f8799'),
('8f789fdb-c746-4f54-9fd5-584672b50849', 'impor', 'BPB0033/2024', '904680', '00469-TIP-2406', '00bec7ea-c5f9-4ad3-ad77-93a0ee125af1', 15532.00, '2024-09-20', '2024-08-27', '2024-12-27', '2024-09-19 01:04:03', '10753eb7-45f6-4f8a-a223-a330460f8799', '2024-09-20 00:55:10', '10753eb7-45f6-4f8a-a223-a330460f8799'),
('b3809b93-f8cb-4486-8d82-6df14e1c7cbf', 'lokal', 'asd', NULL, '123', '04c3e229-1a03-49a4-ab6c-979ec731bf5f', NULL, '2024-09-18', NULL, NULL, '2024-09-19 00:46:58', '10753eb7-45f6-4f8a-a223-a330460f8799', '2024-09-22 17:54:37', '10753eb7-45f6-4f8a-a223-a330460f8799');

-- --------------------------------------------------------

--
-- Table structure for table `bahan_masuk_item`
--

CREATE TABLE `bahan_masuk_item` (
  `uid` varchar(40) NOT NULL,
  `bahan_masuk_uid` varchar(40) DEFAULT NULL,
  `bahan_uid` varchar(40) DEFAULT NULL,
  `gudang_uid` varchar(40) DEFAULT NULL,
  `kode_hs` varchar(255) DEFAULT NULL,
  `nomor_seri` varchar(255) DEFAULT NULL,
  `nomor_lot` varchar(255) DEFAULT NULL,
  `jumlah` decimal(10,3) UNSIGNED DEFAULT NULL,
  `jumlah_kg` decimal(10,3) UNSIGNED DEFAULT NULL,
  `nilai` decimal(15,2) UNSIGNED DEFAULT NULL,
  `asuransi` decimal(15,2) UNSIGNED DEFAULT NULL,
  `ongkos` decimal(15,2) UNSIGNED DEFAULT NULL,
  `mata_uang` varchar(255) DEFAULT NULL,
  `nilai_total` decimal(15,2) UNSIGNED DEFAULT NULL,
  `fasilitas` tinyint(1) DEFAULT NULL,
  `created_at` timestamp NOT NULL DEFAULT current_timestamp(),
  `created_by` varchar(40) DEFAULT NULL,
  `updated_at` timestamp NOT NULL DEFAULT current_timestamp() ON UPDATE current_timestamp(),
  `updated_by` varchar(40) DEFAULT NULL
) ENGINE=InnoDB DEFAULT CHARSET=utf8mb4 COLLATE=utf8mb4_general_ci;

--
-- Dumping data for table `bahan_masuk_item`
--

INSERT INTO `bahan_masuk_item` (`uid`, `bahan_masuk_uid`, `bahan_uid`, `gudang_uid`, `kode_hs`, `nomor_seri`, `nomor_lot`, `jumlah`, `jumlah_kg`, `nilai`, `asuransi`, `ongkos`, `mata_uang`, `nilai_total`, `fasilitas`, `created_at`, `created_by`, `updated_at`, `updated_by`) VALUES
('27fa3212-c7e6-4a41-a82e-0f97e97f4852', '8f789fdb-c746-4f54-9fd5-584672b50849', '779deee6-1d47-4077-b755-ec0f036aef49', '7cd8e26c-b8e0-428e-8433-0adc98239cf5', '39033090', '02', 'CN80O3V111', 5500.000, 5500.000, 11165.00, 0.00, 0.00, 'USD', 173414780.00, 1, '2024-09-19 08:04:03', '10753eb7-45f6-4f8a-a223-a330460f8799', '2024-09-20 01:00:11', '10753eb7-45f6-4f8a-a223-a330460f8799'),
('2912042d-aeb5-42b2-9996-41a3eb6d08d1', 'b3809b93-f8cb-4486-8d82-6df14e1c7cbf', '02fb8ea7-26db-4e31-93ec-a4428356d034', '7cd8e26c-b8e0-428e-8433-0adc98239cf5', NULL, NULL, 'lot 1', 10000.000, 10000.000, NULL, NULL, NULL, 'IDR', 234234.00, NULL, '2024-09-19 07:46:58', '10753eb7-45f6-4f8a-a223-a330460f8799', '2024-09-22 17:54:37', '10753eb7-45f6-4f8a-a223-a330460f8799'),
('415595e8-4f23-47d1-81c6-db0721e18533', '0e775ec8-bd37-4838-815a-4e8dadf97755', '945bce1b-8556-4f7e-8a54-566f6bfcdf68', '7cd8e26c-b8e0-428e-8433-0adc98239cf5', '3906.10', '2345', '24E2901-01-06', 8000.000, 8000.000, 58400.00, NULL, NULL, 'USD', 902280000.00, 1, '2024-09-19 02:53:14', '10753eb7-45f6-4f8a-a223-a330460f8799', '2024-09-20 02:15:00', '10753eb7-45f6-4f8a-a223-a330460f8799'),
('a2fd2c21-b91d-443f-837a-44030bae56bd', '8f789fdb-c746-4f54-9fd5-584672b50849', '022f839d-0b17-4f6a-975c-7fe72ba12b67', '7cd8e26c-b8e0-428e-8433-0adc98239cf5', 'hs 3', 'seri 3', 'lot 3', 234.000, 123.000, 200.00, 1.00, 1.00, 'USD', 3137464.00, 1, '2024-09-20 07:54:25', '10753eb7-45f6-4f8a-a223-a330460f8799', '2024-09-20 01:00:11', '10753eb7-45f6-4f8a-a223-a330460f8799'),
('bdec9204-0c28-4486-8997-759793bb6c3d', '8f789fdb-c746-4f54-9fd5-584672b50849', '9f8a050d-248f-4797-b939-91137a561006', '7cd8e26c-b8e0-428e-8433-0adc98239cf5', '39033090', '01', 'CN80O7L111', 9000.000, 9000.000, 17910.00, 0.00, 0.00, 'USD', 278178120.00, 1, '2024-09-19 08:04:03', '10753eb7-45f6-4f8a-a223-a330460f8799', '2024-09-20 01:00:11', '10753eb7-45f6-4f8a-a223-a330460f8799'),
('c2d9f216-a328-46d5-917f-7b6fcf8328c1', 'b3809b93-f8cb-4486-8d82-6df14e1c7cbf', '01cda4a8-3747-4942-887d-57d1811b538d', '7cd8e26c-b8e0-428e-8433-0adc98239cf5', NULL, NULL, 'lot 2', 12.000, 1234.000, NULL, NULL, NULL, 'IDR', 23423.00, NULL, '2024-09-19 07:46:58', '10753eb7-45f6-4f8a-a223-a330460f8799', '2024-09-22 17:54:37', '10753eb7-45f6-4f8a-a223-a330460f8799');

-- --------------------------------------------------------

--
-- Table structure for table `barang`
--

CREATE TABLE `barang` (
  `uid` varchar(40) NOT NULL,
  `nama` varchar(255) DEFAULT NULL,
  `kode` varchar(255) DEFAULT NULL,
  `warna` varchar(255) DEFAULT NULL,
  `panjang` int(15) UNSIGNED DEFAULT NULL,
  `lebar` int(15) UNSIGNED DEFAULT NULL,
  `tebal` decimal(3,2) UNSIGNED DEFAULT NULL,
  `satuan` varchar(255) DEFAULT NULL,
  `created_at` timestamp NOT NULL DEFAULT current_timestamp(),
  `created_by` varchar(40) DEFAULT NULL,
  `updated_at` timestamp NOT NULL DEFAULT current_timestamp() ON UPDATE current_timestamp(),
  `updated_by` varchar(40) DEFAULT NULL
) ENGINE=InnoDB DEFAULT CHARSET=utf8mb4 COLLATE=utf8mb4_general_ci;

--
-- Dumping data for table `barang`
--

INSERT INTO `barang` (`uid`, `nama`, `kode`, `warna`, `panjang`, `lebar`, `tebal`, `satuan`, `created_at`, `created_by`, `updated_at`, `updated_by`) VALUES
('012b17e4-c605-4dfa-8035-281e05b20cce', 'TIARAPRIME_F1', '0108MF130000', 'BLACK_0108M', 300000, 600, 0.80, 'ROLL', '2024-09-10 08:39:07', '10753eb7-45f6-4f8a-a223-a330460f8799', '2024-09-10 08:39:07', NULL),
('020ee11e-dfbe-43f3-a0d4-e854d7cdcf82', 'TIARAPRIME F1', '7452F124407', 'GREY_7452', 2440, 1220, 0.70, 'PCS', '2024-09-10 08:39:07', '10753eb7-45f6-4f8a-a223-a330460f8799', '2024-09-10 08:39:07', NULL),
('05086588-4440-449b-8e1e-c2b8ded07c26', 'TIARAPRIME F3', '1910F330508', 'BEIGE_1910', 3050, 1220, 0.80, 'PCS', '2024-09-10 08:39:07', '10753eb7-45f6-4f8a-a223-a330460f8799', '2024-09-10 08:39:07', NULL),
('0c43cb14-77ee-475e-8bb6-b15e46e737fe', 'TIARAPRIME F1', '9101F124407', 'WHITE_9101', 2440, 1220, 0.70, 'PCS', '2024-09-10 08:39:07', '10753eb7-45f6-4f8a-a223-a330460f8799', '2024-09-10 08:39:07', NULL),
('0da2d9cd-9a64-4b77-8226-5ab4f0f74cb8', 'TIARAPRIME F3', '6612F324398', 'GREEN_6612', 2439, 1219, 0.80, 'PCS', '2024-09-10 08:39:07', '10753eb7-45f6-4f8a-a223-a330460f8799', '2024-09-10 08:39:07', NULL),
('0deed36f-523b-4bee-8057-fb9cf256058a', 'TIARAPRIME F3', '7606F330508', 'GREY_7606', 3050, 1220, 0.80, 'PCS', '2024-09-10 08:39:07', '10753eb7-45f6-4f8a-a223-a330460f8799', '2024-09-10 08:39:07', NULL),
('0f4efaa9-8fd2-456b-8142-1eb587867d9f', 'TIARAPRIME F1', '7402MF124408', 'GREY_7402M', 2440, 1220, 0.80, 'PCS', '2024-09-10 08:39:07', '10753eb7-45f6-4f8a-a223-a330460f8799', '2024-09-10 08:39:07', NULL),
('107e0385-f767-44d8-9fb8-3ca38dbb217d', 'TIARAPRIME F2', '7901F224397', 'GREY_7901', 2439, 1219, 0.70, 'PCS', '2024-09-10 08:39:07', '10753eb7-45f6-4f8a-a223-a330460f8799', '2024-09-10 08:39:07', NULL),
('1150202d-d652-49d3-afb4-95b71b9fdf5f', 'TIARAPRIME F1', '1422F124407', 'BEIGE_1422', 2440, 1220, 0.70, 'PCS', '2024-09-10 08:39:07', '10753eb7-45f6-4f8a-a223-a330460f8799', '2024-09-10 08:39:07', NULL),
('11a5b858-3884-4544-a2f9-e42349cff553', 'TIARAPRIME F1', '7603MF130508', 'GREY_7603M', 3050, 1220, 0.80, 'PCS', '2024-09-10 08:39:07', '10753eb7-45f6-4f8a-a223-a330460f8799', '2024-09-10 08:39:07', NULL),
('130f7588-40d0-424e-a092-16e89b19f09d', 'TIARAPRIME F2', '7406F224397', 'GREY_7406', 2439, 1219, 0.70, 'PCS', '2024-09-10 08:39:07', '10753eb7-45f6-4f8a-a223-a330460f8799', '2024-09-10 08:39:07', NULL),
('16d05ff2-bf27-434b-824f-32b8378bdd31', 'TIARAPRIME F3', '7606F324408', 'GREY_7606', 2440, 1220, 0.80, 'PCS', '2024-09-10 08:39:07', '10753eb7-45f6-4f8a-a223-a330460f8799', '2024-09-10 08:39:07', NULL),
('195e9e51-7475-41f9-af4d-1b9dafba998c', 'TIARAPRIME.T9', 'T9440N19206852.8', '440_NATURAL', 1920, 685, 2.80, 'PCS', '2024-09-10 08:39:07', '10753eb7-45f6-4f8a-a223-a330460f8799', '2024-09-10 08:39:07', NULL),
('19895837-5621-4fed-ba58-89afcd721728', 'TIARAPRIME F1', '9086PF124408', 'WHITE_9086P', 2440, 1220, 0.80, 'PCS', '2024-09-10 08:39:07', '10753eb7-45f6-4f8a-a223-a330460f8799', '2024-09-10 08:39:07', NULL),
('1b603795-eb64-4354-8ad9-853440016040', 'TIARAPRIME.T9', 'T923508503.5', 'T100-322 BLACK_0102', 2350, 850, 3.50, 'PCS', '2024-09-10 08:39:07', '10753eb7-45f6-4f8a-a223-a330460f8799', '2024-09-10 08:39:07', NULL),
('228ce75c-f176-4ef8-a657-61abbfaff786', 'TIARAPRIME.T9', 'T918504053', 'T100-322 BLACK_0102', 1850, 405, 3.00, 'PCS', '2024-09-10 08:39:07', '10753eb7-45f6-4f8a-a223-a330460f8799', '2024-09-10 08:39:07', NULL),
('241b4a8d-9a75-49a1-9733-9fc7b77a8a2d', 'TIARAPRIME F1', '9086PF1360001', 'WHITE_9086P', 360000, 600, 1.00, 'ROLL', '2024-09-10 08:39:07', '10753eb7-45f6-4f8a-a223-a330460f8799', '2024-09-10 08:39:07', NULL),
('267c4b76-78e3-4ab7-838f-7f8aa62aee54', 'TIARAPRIME F3', '7226MF324398', 'GREY_7226M', 2439, 1219, 0.80, 'PCS', '2024-09-10 08:39:07', '10753eb7-45f6-4f8a-a223-a330460f8799', '2024-09-10 08:39:07', NULL),
('280514d4-f511-432a-82e4-0d0984202682', 'TIARAPRIME F1', '9301F124408', 'WHITE_9301', 2440, 1220, 0.80, 'PCS', '2024-09-10 08:39:07', '10753eb7-45f6-4f8a-a223-a330460f8799', '2024-09-10 08:39:07', NULL),
('2886bb41-a4c9-4030-8573-722523097cc0', 'TIARAPRIME F1', '9086PF124651', 'WHITE_9086P', 2465, 1230, 1.00, 'PCS', '2024-09-10 08:39:07', '10753eb7-45f6-4f8a-a223-a330460f8799', '2024-09-10 08:39:07', NULL),
('2c44d191-aa01-4b15-9914-154fc88a4bea', 'TIARAPRIME.T9', 'T930007503', 'T100-322 BLACK_0102', 3000, 750, 3.00, 'PCS', '2024-09-10 08:39:07', '10753eb7-45f6-4f8a-a223-a330460f8799', '2024-09-10 08:39:07', NULL),
('2e610963-f80c-44ac-bdb5-442950b6b67f', 'TIARAPRIME F1', '9086PF1300008', 'WHITE_9086P', 300000, 600, 0.80, 'ROLL', '2024-09-10 08:39:07', '10753eb7-45f6-4f8a-a223-a330460f8799', '2024-09-10 08:39:07', NULL),
('2ef86147-de32-4edc-8fa0-3ae949e7f9e4', 'TIARAPRIME F3', '7175F324408', 'GREY_7175', 2440, 1220, 0.80, 'PCS', '2024-09-10 08:39:07', '10753eb7-45f6-4f8a-a223-a330460f8799', '2024-09-10 08:39:07', NULL),
('2fe833ec-9942-480f-a25b-ae92e6a218ad', 'TIARAPRIME.T9', 'T9NAT28006003ABS', 'ABS_NATURAL', 2800, 600, 3.00, 'PCS', '2024-09-10 08:39:07', '10753eb7-45f6-4f8a-a223-a330460f8799', '2024-09-10 08:39:07', NULL),
('311e86ff-b01c-4205-9550-603173d5e62d', 'TIARAPRIME F1', '7603MF124408', 'GREY_7603M', 2440, 1220, 0.80, 'PCS', '2024-09-10 08:39:07', '10753eb7-45f6-4f8a-a223-a330460f8799', '2024-09-10 08:39:07', NULL),
('32e98ba0-8345-442f-b44c-b8304516a107', 'TIARAPRIME F1', '1401F124398', 'BEIGE_1401', 2439, 1219, 0.80, 'PCS', '2024-09-10 08:39:07', '10753eb7-45f6-4f8a-a223-a330460f8799', '2024-09-10 08:39:07', NULL),
('3313ee84-34e0-4712-9858-cc9356939314', 'TIARAPRIME M3', '9301M330002', 'WHITE_9301', 3000, 1260, 2.00, 'PCS', '2024-09-10 08:39:07', '10753eb7-45f6-4f8a-a223-a330460f8799', '2024-09-10 08:39:07', NULL),
('338fa467-b2c7-475f-af67-8f94b3415d98', 'TIARAPRIME F3', '7603MF324408', 'GREY_7603M', 2440, 1220, 0.80, 'PCS', '2024-09-10 08:39:07', '10753eb7-45f6-4f8a-a223-a330460f8799', '2024-09-10 08:39:07', NULL),
('3519c935-4ed6-459a-ad6b-6b9880ef3485', 'TIARAPRIME F1', '9804F124407', 'WHITE_9804', 2440, 1220, 0.70, 'PCS', '2024-09-10 08:39:07', '10753eb7-45f6-4f8a-a223-a330460f8799', '2024-09-10 08:39:07', NULL),
('351eb536-666f-4f07-af04-403f18925269', 'TIARAPRIME.T9', 'T920007503', 'T100-322 BLACK_0102', 2000, 750, 3.00, 'PCS', '2024-09-10 08:39:07', '10753eb7-45f6-4f8a-a223-a330460f8799', '2024-09-10 08:39:07', NULL),
('360a7735-46bd-4d15-86e9-da873261d65e', 'TIARAPRIME.T9', 'T9N12509703.5', '440_NATURAL/DWA', 1250, 970, 3.50, 'PCS', '2024-09-10 08:39:07', '10753eb7-45f6-4f8a-a223-a330460f8799', '2024-09-10 08:39:07', NULL),
('37405ed6-aacb-4578-8320-36902377fe84', 'TIARAPRIME F1', '7603MF124398', 'GREY_7603M', 2439, 1219, 0.80, 'PCS', '2024-09-10 08:39:07', '10753eb7-45f6-4f8a-a223-a330460f8799', '2024-09-10 08:39:07', NULL),
('38140c78-55df-41b5-ba9a-d91b33f8c4c9', 'TIARAPRIME F3', '7603MF330508', 'GREY_7603M', 3050, 1220, 0.80, 'PCS', '2024-09-10 08:39:07', '10753eb7-45f6-4f8a-a223-a330460f8799', '2024-09-10 08:39:07', NULL),
('39b06a33-4253-4a8a-a6bf-3fe2ca60a2e2', 'TIARAPRIME F1', '0102F124407', 'BLACK_0102', 2440, 1220, 0.70, 'PCS', '2024-09-10 08:39:07', '10753eb7-45f6-4f8a-a223-a330460f8799', '2024-09-10 08:39:07', NULL),
('3ae7c707-2ff6-459e-be7d-8a6cea5862b3', 'TIARAPRIME F1', '7153F124407', 'GREY_7153', 2440, 1220, 0.70, 'PCS', '2024-09-10 08:39:07', '10753eb7-45f6-4f8a-a223-a330460f8799', '2024-09-10 08:39:07', NULL),
('3bcbd518-71c0-4d24-a02f-36be9d02cf24', 'TIARAPRIME F1', '7402MF124398', 'GREY_7402M', 2439, 1219, 0.80, 'PCS', '2024-09-10 08:39:07', '10753eb7-45f6-4f8a-a223-a330460f8799', '2024-09-10 08:39:07', NULL),
('3d18576e-aad7-4b6c-9402-4e035f660ebb', 'TIARAPRIME.T9', 'T931007003', 'T100-322 BLACK_0102', 3100, 700, 3.00, 'PCS', '2024-09-10 08:39:07', '10753eb7-45f6-4f8a-a223-a330460f8799', '2024-09-10 08:39:07', NULL),
('3d776b8d-44d9-4d05-98a5-87ab78697441', 'TIARAPRIME F1', '9086PF130701', 'WHITE_9086P', 3070, 1230, 1.00, 'PCS', '2024-09-10 08:39:07', '10753eb7-45f6-4f8a-a223-a330460f8799', '2024-09-10 08:39:07', NULL),
('3ea26c76-3922-4ec2-8d4e-04c41d33b66d', 'TIARAPRIME.T9', 'T927005003', 'T100-322 BLACK_0102', 2700, 500, 3.00, 'PCS', '2024-09-10 08:39:07', '10753eb7-45f6-4f8a-a223-a330460f8799', '2024-09-10 08:39:07', NULL),
('40585d30-7a79-4bf0-9c76-b44486a58cb6', 'TIARAPRIME F1', '7915F124407', 'GREY_7915', 2440, 1220, 0.70, 'PCS', '2024-09-10 08:39:07', '10753eb7-45f6-4f8a-a223-a330460f8799', '2024-09-10 08:39:07', NULL),
('409d066b-c8f6-4ea7-9bf6-13eb024f667b', 'TIARAPRIME F1', '7901MF124408', 'GREY_7901M', 2440, 1220, 0.80, 'PCS', '2024-09-10 08:39:07', '10753eb7-45f6-4f8a-a223-a330460f8799', '2024-09-10 08:39:07', NULL),
('4116afdd-7d8d-4100-b87f-aa7e7b55cbac', 'TIARAPRIME F1', '9086PF1360008', 'WHITE_9086P', 360000, 600, 0.80, 'ROLL', '2024-09-10 08:39:07', '10753eb7-45f6-4f8a-a223-a330460f8799', '2024-09-10 08:39:07', NULL),
('4241aef1-3d01-40db-b0a7-7facc28233fe', 'TIARAPRIME F1', '9086PF124407', 'WHITE_9086P', 2440, 1220, 0.70, 'PCS', '2024-09-10 08:39:07', '10753eb7-45f6-4f8a-a223-a330460f8799', '2024-09-10 08:39:07', NULL),
('42ce071d-b160-4c4e-9cdb-443d90cbc616', 'TIARAPRIME F1', '8105F124407', 'BROWN_8105', 2440, 1220, 0.70, 'PCS', '2024-09-10 08:39:07', '10753eb7-45f6-4f8a-a223-a330460f8799', '2024-09-10 08:39:07', NULL),
('44363d61-55e5-45ee-8d68-409dd85c3c55', 'TIARAPRIME.T9', 'T928005003', 'T100-322 BLACK_0102', 2800, 550, 3.00, 'PCS', '2024-09-10 08:39:07', '10753eb7-45f6-4f8a-a223-a330460f8799', '2024-09-10 08:39:07', NULL),
('44a543c6-f586-404f-92f1-f8f09827dbfb', 'TIARAPRIME F1', '7907F124408', 'GREY_7907', 2440, 1220, 0.80, 'PCS', '2024-09-10 08:39:07', '10753eb7-45f6-4f8a-a223-a330460f8799', '2024-09-10 08:39:07', NULL),
('454414be-ac57-46cb-9d9d-f53248deba84', 'TIARAPRIME F2', '9301F224408', 'WHITE_9301', 2440, 1220, 0.80, 'PCS', '2024-09-10 08:39:07', '10753eb7-45f6-4f8a-a223-a330460f8799', '2024-09-10 08:39:07', NULL),
('480c8d63-aca7-4978-88ac-ca8a71994463', 'TIARAPRIME F1', '7606F124408', 'GREY_7606', 2440, 1220, 0.80, 'PCS', '2024-09-10 08:39:07', '10753eb7-45f6-4f8a-a223-a330460f8799', '2024-09-10 08:39:07', NULL),
('48f4d073-26e7-41f8-bd65-ee814b76d157', 'TIARAPRIME F3', '6482F324398', 'GREEN_6482', 2439, 1219, 0.80, 'PCS', '2024-09-10 08:39:07', '10753eb7-45f6-4f8a-a223-a330460f8799', '2024-09-10 08:39:07', NULL),
('4bc81ed6-1cda-429a-88b2-ea26a2823b0d', 'TIARAPRIME F2', '9601F230197', 'WHITE_9601', 3019, 1212, 0.70, 'PCS', '2024-09-10 08:39:07', '10753eb7-45f6-4f8a-a223-a330460f8799', '2024-09-10 08:39:07', NULL),
('4c9ebde3-6e4c-4ce1-96c7-4acc30d60f28', 'TIARAPRIME F2', '0102F224397', 'BLACK_0102', 2439, 1219, 0.70, 'PCS', '2024-09-10 08:39:07', '10753eb7-45f6-4f8a-a223-a330460f8799', '2024-09-10 08:39:07', NULL),
('4ccd3ffe-1855-4402-a8c0-9b0101b94349', 'TIARAPRIME F1', '8201F124408', 'BROWN_8201', 2440, 1220, 0.80, 'PCS', '2024-09-10 08:39:07', '10753eb7-45f6-4f8a-a223-a330460f8799', '2024-09-10 08:39:07', NULL),
('4d0cb3ec-db50-4a66-a310-64121cfb6603', 'TIARAPRIME F1', '1401F124408', 'BEIGE_1401', 2440, 1220, 0.80, 'PCS', '2024-09-10 08:39:07', '10753eb7-45f6-4f8a-a223-a330460f8799', '2024-09-10 08:39:07', NULL),
('4e86ab68-7721-43c1-8db7-5bb3eb3f14f0', 'TIARAPRIME F3', '5941F324398', 'BLUE_5941', 2439, 1219, 0.80, 'PCS', '2024-09-10 08:39:07', '10753eb7-45f6-4f8a-a223-a330460f8799', '2024-09-10 08:39:07', NULL),
('51d4d420-cb3c-4592-b924-00f3ffd74001', 'TIARAPRIME F1', '9086P24408', 'WHITE_9086P', 3050, 1220, 0.80, 'PCS', '2024-09-10 08:39:07', '10753eb7-45f6-4f8a-a223-a330460f8799', '2024-09-10 08:39:07', NULL),
('55168401-5a7a-4ee8-9269-ccdb8bf4128d', 'TIARAPRIME.T9', 'T933005003', 'T100-322 BLACK_0102', 3300, 500, 3.00, 'PCS', '2024-09-10 08:39:07', '10753eb7-45f6-4f8a-a223-a330460f8799', '2024-09-10 08:39:07', NULL),
('55ef3f2b-d2ae-4023-af87-cdeaa901c4f1', 'TIARAPRIME.T9', 'T932004503', 'T100-322 BLACK_0102', 3200, 450, 3.00, 'PCS', '2024-09-10 08:39:07', '10753eb7-45f6-4f8a-a223-a330460f8799', '2024-09-10 08:39:07', NULL),
('5655bfe2-25de-4a41-ad1d-4db4caee83cf', 'TIARAPRIME F1', '8835F124408', 'BROWN_8835', 2440, 1220, 0.80, 'PCS', '2024-09-10 08:39:07', '10753eb7-45f6-4f8a-a223-a330460f8799', '2024-09-10 08:39:07', NULL),
('5874aa7a-b144-464a-bc58-2b408dc3f544', 'TIARAPRIME F3', '1913MF324398', 'BEIGE_1913M', 2439, 1219, 0.80, 'PCS', '2024-09-10 08:39:07', '10753eb7-45f6-4f8a-a223-a330460f8799', '2024-09-10 08:39:07', NULL),
('58b63cd7-1060-4313-ace0-ab6b73e85816', 'TIARAPRIME.T9', 'T98505003', 'T100-322 BLACK_0102', 850, 500, 3.00, 'PCS', '2024-09-10 08:39:07', '10753eb7-45f6-4f8a-a223-a330460f8799', '2024-09-10 08:39:07', NULL),
('5a2ab277-c207-491a-8976-aa9fd0d74405', 'TIARAPRIME F3', '7904MF324408', 'GREY_7904M', 2440, 1220, 0.80, 'PCS', '2024-09-10 08:39:07', '10753eb7-45f6-4f8a-a223-a330460f8799', '2024-09-10 08:39:07', NULL),
('5b10c04c-3f30-42ba-97df-298811da9957', 'TIARAPRIME.T9', 'T931507503', 'T100-322 BLACK_ 0102', 3150, 750, 3.00, 'PCS', '2024-09-10 08:39:07', '10753eb7-45f6-4f8a-a223-a330460f8799', '2024-09-10 08:39:07', NULL),
('5da77552-d9cf-4285-b777-82c386e80594', 'TIARAPRIME F1', '1480F130508', 'BEIGE_1480', 3050, 1220, 0.80, 'PCS', '2024-09-10 08:39:07', '10753eb7-45f6-4f8a-a223-a330460f8799', '2024-09-10 08:39:07', NULL),
('5e48ad4f-8e4d-4a13-be2b-fdbf33c3d38b', 'TIARAPRIME F3', '7362F324398', 'GREY_7362', 2439, 1219, 0.80, 'PCS', '2024-09-10 08:39:07', '10753eb7-45f6-4f8a-a223-a330460f8799', '2024-09-10 08:39:07', NULL),
('5f9d6bea-22ad-4c58-86ce-6d34239060a5', 'TIARAPRIME F6', '9850F624398', 'WHITE_9850', 2439, 1219, 0.80, 'PCS', '2024-09-10 08:39:07', '10753eb7-45f6-4f8a-a223-a330460f8799', '2024-09-10 08:39:07', NULL),
('61ba033e-b3fa-40d7-918b-2bba17e58a0b', 'TIARAPRIME.T9', 'T9NAT28006003', 'NATURAL', 2800, 600, 3.00, 'PCS', '2024-09-10 08:39:07', '10753eb7-45f6-4f8a-a223-a330460f8799', '2024-09-10 08:39:07', NULL),
('630f14c6-6649-4a1d-a097-e9546dde1a0c', 'TIARAPRIME.T9', 'T923005903.5', 'T100-322 BLACK_0102', 2300, 590, 3.50, 'PCS', '2024-09-10 08:39:07', '10753eb7-45f6-4f8a-a223-a330460f8799', '2024-09-10 08:39:07', NULL),
('65a0dd32-5b32-499d-9131-abc24082143c', 'TIARAPRIME F3', '7907F330508', 'GREY_7907', 3050, 1220, 0.80, 'PCS', '2024-09-10 08:39:07', '10753eb7-45f6-4f8a-a223-a330460f8799', '2024-09-10 08:39:07', NULL),
('66681b2d-289d-499c-9d0e-fc6b5289a103', 'TIARAPRIME F3', '7904F324408', 'GREY_7904', 2440, 1220, 0.80, 'PCS', '2024-09-10 08:39:07', '10753eb7-45f6-4f8a-a223-a330460f8799', '2024-09-10 08:39:07', NULL),
('684b826e-8b6f-4c6c-a40e-677070641af9', 'TIARAPRIME F3', '1401F324398', 'BEIGE_1401', 2439, 1219, 0.80, 'PCS', '2024-09-10 08:39:07', '10753eb7-45f6-4f8a-a223-a330460f8799', '2024-09-10 08:39:07', NULL),
('68d77772-8ae3-409f-a8df-d423f067dd63', 'TIARAPRIME F3', '6793F324408', 'GREEN_6793', 2440, 1220, 0.80, 'PCS', '2024-09-10 08:39:07', '10753eb7-45f6-4f8a-a223-a330460f8799', '2024-09-10 08:39:07', NULL),
('6941516d-4c63-4902-987b-7d7bb8855569', 'TIARAPRIME F3', '1941F324408', 'BEIGE_1941', 2440, 1220, 0.80, 'PCS', '2024-09-10 08:39:07', '10753eb7-45f6-4f8a-a223-a330460f8799', '2024-09-10 08:39:07', NULL),
('69971847-46ca-4d5c-96a1-f51631ab1fa4', 'TIARAPRIME F1', '1402PF1300008', 'BEIGE_1402P', 300000, 600, 0.80, 'ROLL', '2024-09-10 08:39:07', '10753eb7-45f6-4f8a-a223-a330460f8799', '2024-09-10 08:39:07', NULL),
('69eded63-5a4b-4d67-b874-e6f3f07611c5', 'TIARAPRIME F1', '0108MF124408', 'BLACK_0108M', 2440, 1220, 0.80, 'PCS', '2024-09-10 08:39:07', '10753eb7-45f6-4f8a-a223-a330460f8799', '2024-09-10 08:39:07', NULL),
('6c54ffcf-84ac-4bfa-82c1-c106ff3dc745', 'TIARAPRIME.T9', 'T933006503', 'T100-322 BLACK_0102', 3300, 650, 3.00, 'PCS', '2024-09-10 08:39:07', '10753eb7-45f6-4f8a-a223-a330460f8799', '2024-09-10 08:39:07', NULL),
('6ea49970-867c-4234-bd11-0b7d1d28fdd5', 'TIARAPRIME.T9', 'T9NAT32006003ABS', 'ABS_NATURAL', 3200, 600, 3.00, 'PCS', '2024-09-10 08:39:07', '10753eb7-45f6-4f8a-a223-a330460f8799', '2024-09-10 08:39:07', NULL),
('6ea66c34-22b7-43a8-ac61-25cbbfacae5c', 'TIARAPRIME.T9', 'T9NAT27406803ABS', 'ABS_NATURAL', 2740, 680, 3.00, 'PCS', '2024-09-10 08:39:07', '10753eb7-45f6-4f8a-a223-a330460f8799', '2024-09-10 08:39:07', NULL),
('711dedfb-42da-4193-a0fa-1976dc66abb3', 'TIARAPRIME.T9', 'T911508003', 'T100-322 BLACK_0102', 1150, 800, 3.00, 'PCS', '2024-09-10 08:39:07', '10753eb7-45f6-4f8a-a223-a330460f8799', '2024-09-10 08:39:07', NULL),
('76884a3b-97a0-4eec-b456-e81c1fb50992', 'TIARAPRIME F3', '0102F324408', 'BLACK_0102', 2440, 1220, 0.80, 'PCS', '2024-09-10 08:39:07', '10753eb7-45f6-4f8a-a223-a330460f8799', '2024-09-10 08:39:07', NULL),
('771ad6cc-3a4c-4bd0-b66d-f687fe6f4ada', 'TIARAPRIME.T9', NULL, 'T100-322 BLACK 0102', 3100, 600, 3.00, 'PCS', '2024-09-10 08:39:07', '10753eb7-45f6-4f8a-a223-a330460f8799', '2024-09-10 08:39:07', NULL),
('7d3e598e-bb14-43da-9fe5-b9c3bf0a1f5b', 'TIARAPRIME F3', '7256F324408', 'GREY_7256', 2440, 1220, 0.80, 'PCS', '2024-09-10 08:39:07', '10753eb7-45f6-4f8a-a223-a330460f8799', '2024-09-10 08:39:07', NULL),
('80fef79d-db0d-4105-84b4-a7100e72c415', 'TIARAPRIME F1', '9086PF1200008', 'WHITE_9086P', 200000, 600, 0.80, 'ROLL', '2024-09-10 08:39:07', '10753eb7-45f6-4f8a-a223-a330460f8799', '2024-09-10 08:39:07', NULL),
('81c1c357-37d2-4ce7-bc2d-6396f814b66d', 'TIARAPRIME F3', '7903F324408', 'GREY_7903', 2440, 1220, 0.80, 'PCS', '2024-09-10 08:39:07', '10753eb7-45f6-4f8a-a223-a330460f8799', '2024-09-10 08:39:07', NULL),
('831819e2-9875-4294-b038-4d430e70a9bc', 'TIARAPRIME.T9', 'T9N125010003.5', '440_NATURAL/DWA', 1250, 1000, 3.50, 'PCS', '2024-09-10 08:39:07', '10753eb7-45f6-4f8a-a223-a330460f8799', '2024-09-10 08:39:07', NULL),
('838ea925-7aa0-421a-88b7-ad0e185d78a5', 'TIARAPRIME F1', '0108MF130508', 'BLACK_0108M', 3050, 1220, 0.80, 'PCS', '2024-09-10 08:39:07', '10753eb7-45f6-4f8a-a223-a330460f8799', '2024-09-10 08:39:07', NULL),
('83d38406-2b4e-4c09-b640-10fd020e722e', 'TIARAPRIME F1', '0108MF13000008', 'BLACK_0108M', 300000, 600, 0.80, 'ROLL', '2024-09-10 08:39:07', '10753eb7-45f6-4f8a-a223-a330460f8799', '2024-09-10 08:39:07', NULL),
('884c422a-2368-4b19-a927-e5f47365130c', 'TIARAPRIME F3', '7353MF324398', 'GREY_7353M', 2439, 1219, 0.80, 'PCS', '2024-09-10 08:39:07', '10753eb7-45f6-4f8a-a223-a330460f8799', '2024-09-10 08:39:07', NULL),
('888f5ede-f286-430d-9165-4f1cfd35994d', 'TIARAPRIME F3', '9863M24398', 'WHITE_9863M', 2439, 1219, 0.80, 'PCS', '2024-09-10 08:39:07', '10753eb7-45f6-4f8a-a223-a330460f8799', '2024-09-10 08:39:07', NULL),
('8968fdc4-f670-42bf-a1f1-7f5061bffcf7', 'TIARAPRIME F1', '7402MF1300008', 'GREY_7402M', 300000, 600, 0.80, 'ROLL', '2024-09-10 08:39:07', '10753eb7-45f6-4f8a-a223-a330460f8799', '2024-09-10 08:39:07', NULL),
('89748808-592e-446b-9103-52c3b2ae28d6', 'TIARAPRIME.T9', 'T923508503.2', 'T100-322 BLACK_0102', 2350, 850, 3.20, 'PCS', '2024-09-10 08:39:07', '10753eb7-45f6-4f8a-a223-a330460f8799', '2024-09-10 08:39:07', NULL),
('8b3233f4-4abf-4180-bf95-c340ef6755bc', 'TIARAPRIME F1', '1101F124408', 'BEIGE_1101', 2440, 1220, 0.80, 'PCS', '2024-09-10 08:39:07', '10753eb7-45f6-4f8a-a223-a330460f8799', '2024-09-10 08:39:07', NULL),
('8bdf21cb-77bd-4b28-8ba1-8fbb9362de15', 'TIARAPRIME F1', '7607F124408', 'GREY_7607', 2440, 1220, 0.80, 'PCS', '2024-09-10 08:39:07', '10753eb7-45f6-4f8a-a223-a330460f8799', '2024-09-10 08:39:07', NULL),
('8ed03422-589e-4d27-9e43-704c4e35d9d8', 'TIARAPRIME.T9', 'T925005503', 'T100-322 BLACK_0102', 2500, 550, 3.00, 'PCS', '2024-09-10 08:39:07', '10753eb7-45f6-4f8a-a223-a330460f8799', '2024-09-10 08:39:07', NULL),
('8ee1c9e4-94a6-4c50-b68b-63e15810fcac', 'TIARAPRIME F1', '0108MF1243988', 'BLACK_0108M', 2439, 1219, 0.80, 'PCS', '2024-09-10 08:39:07', '10753eb7-45f6-4f8a-a223-a330460f8799', '2024-09-10 08:39:07', NULL),
('8f0306c4-3278-483a-ae48-cf37e3ccacf4', 'TIARAPRIME F3', '9101F324408', 'WHITE_9101', 2440, 1220, 0.80, 'PCS', '2024-09-10 08:39:07', '10753eb7-45f6-4f8a-a223-a330460f8799', '2024-09-10 08:39:07', NULL),
('904aba70-0694-475e-9523-1166de786f74', 'TIARAPRIME.T9', 'T9195013803.5', '440_NATURAL/DWA', 1950, 1380, 3.50, 'PCS', '2024-09-10 08:39:07', '10753eb7-45f6-4f8a-a223-a330460f8799', '2024-09-10 08:39:07', NULL),
('9607b999-f711-4e75-a352-2f828546c396', 'TIARAPRIME F3', '9301F324408', 'WHITE_9301', 2440, 1220, 0.80, 'PCS', '2024-09-10 08:39:07', '10753eb7-45f6-4f8a-a223-a330460f8799', '2024-09-10 08:39:07', NULL),
('961e1998-d58d-4885-8049-f6d498af6d99', 'TIARAPRIME F2', '7154F224397', 'GREY_7154', 2439, 1219, 0.70, 'PCS', '2024-09-10 08:39:07', '10753eb7-45f6-4f8a-a223-a330460f8799', '2024-09-10 08:39:07', NULL),
('96821080-f0bc-4b38-95f6-5988f05242e7', 'TIARAPRIME.T9', 'T929005203', 'T100-322 BLACK_0102', 2900, 520, 3.00, 'PCS', '2024-09-10 08:39:07', '10753eb7-45f6-4f8a-a223-a330460f8799', '2024-09-10 08:39:07', NULL),
('985ffd40-5519-4b9c-b07f-45505c052e46', 'TIARAPRIME F1', '9301F124198', 'WHITE_9301', 2419, 1212, 0.80, 'PCS', '2024-09-10 08:39:07', '10753eb7-45f6-4f8a-a223-a330460f8799', '2024-09-10 08:39:07', NULL),
('993087f6-dc41-4bdd-a18b-3c884296fcad', 'TIARAPRIME F6', '1913MF624398', 'BEIGE_1913M', 2439, 1219, 0.80, 'PCS', '2024-09-10 08:39:07', '10753eb7-45f6-4f8a-a223-a330460f8799', '2024-09-10 08:39:07', NULL),
('a24ec1f7-ebe7-4690-bdc0-42545f0d653e', 'TIARAPRIME F3', '7254MF324398', 'GREY_7254M', 2439, 1219, 0.80, 'PCS', '2024-09-10 08:39:07', '10753eb7-45f6-4f8a-a223-a330460f8799', '2024-09-10 08:39:07', NULL),
('a3b4fecd-435a-440a-bafb-5cdaf6ac8f6b', 'TIARAPRIME F1', '0102F124398', 'BLACK_0102', 2439, 1219, 0.80, 'PCS', '2024-09-10 08:39:07', '10753eb7-45f6-4f8a-a223-a330460f8799', '2024-09-10 08:39:07', NULL),
('a4f6db7b-89a4-4e9a-b018-730ef7a624cb', 'TIARAPRIME F3', '7556F324398', 'GREY_7556', 2439, 1219, 0.80, 'PCS', '2024-09-10 08:39:07', '10753eb7-45f6-4f8a-a223-a330460f8799', '2024-09-10 08:39:07', NULL),
('a5058615-f270-4d92-9ea5-32393d01886d', 'TIARAPRIME.T9', 'T922406803.5', 'T100-322 BLACK_0102', 2240, 680, 3.50, 'PCS', '2024-09-10 08:39:07', '10753eb7-45f6-4f8a-a223-a330460f8799', '2024-09-10 08:39:07', NULL),
('a7fc3245-f8b2-49f5-97af-fae36d49e64b', 'TIARAPRIME F1', '1101F124398', 'BEIGE_1101', 2439, 1219, 0.80, 'PCS', '2024-09-10 08:39:07', '10753eb7-45f6-4f8a-a223-a330460f8799', '2024-09-10 08:39:07', NULL),
('a96b68f2-123c-4985-8c6b-8570dbe49885', 'TIARAPRIME F3', '9301F330508', 'WHITE_9301', 3050, 1220, 0.80, 'PCS', '2024-09-10 08:39:07', '10753eb7-45f6-4f8a-a223-a330460f8799', '2024-09-10 08:39:07', NULL),
('aaa53261-9bed-497c-bc64-f4b63b361ed5', 'TIARAPRIME.T9', 'T9160511553', 'T100-322 BLACK_0102', 1605, 1155, 3.00, 'PCS', '2024-09-10 08:39:07', '10753eb7-45f6-4f8a-a223-a330460f8799', '2024-09-10 08:39:07', NULL),
('ac8732ee-8608-4e1b-9e79-dfdf8fa87e2e', 'TIARAPRIME F1', '1495F124407', 'BEIGE_1495', 2440, 1220, 0.70, 'PCS', '2024-09-10 08:39:07', '10753eb7-45f6-4f8a-a223-a330460f8799', '2024-09-10 08:39:07', NULL),
('ac8e44df-09d9-4159-9475-c3ae2d73aaee', 'TIARAPRIME.T9', 'T918005503.5', 'T100-322 BLACK_0102', 1800, 550, 3.50, 'PCS', '2024-09-10 08:39:07', '10753eb7-45f6-4f8a-a223-a330460f8799', '2024-09-10 08:39:07', NULL),
('ad077a92-1faf-44ce-bd0e-38b0c3999a07', 'TIARAPRIME F3', '1910F324408', 'BEIGE_1910', 2440, 1220, 0.80, 'PCS', '2024-09-10 08:39:07', '10753eb7-45f6-4f8a-a223-a330460f8799', '2024-09-10 08:39:07', NULL),
('ad3e1e21-b40c-4161-8134-c3784a7911bd', 'TIARAPRIME F1', '7901MF1300008', 'GREY_7901M', 300000, 600, 0.80, 'ROLL', '2024-09-10 08:39:07', '10753eb7-45f6-4f8a-a223-a330460f8799', '2024-09-10 08:39:07', NULL),
('af21e360-94a7-48aa-8df4-2b9734bf278e', 'TIARAPRIME F1', '7752F124407', 'GREY_7752', 2440, 1220, 0.70, 'PCS', '2024-09-10 08:39:07', '10753eb7-45f6-4f8a-a223-a330460f8799', '2024-09-10 08:39:07', NULL),
('af2e6a90-f5ce-4128-bcd8-dcf868651c27', 'TIARAPRIME.T9', 'T922506003.5', 'T100-322 BLACK_0102', 2250, 600, 3.50, 'PCS', '2024-09-10 08:39:07', '10753eb7-45f6-4f8a-a223-a330460f8799', '2024-09-10 08:39:07', NULL),
('b12c1609-f60b-4f5c-882f-3b64b588d017', 'TIARAPRIME F3', '659324408', 'GREEN_6592', 2440, 1220, 0.80, 'PCS', '2024-09-10 08:39:07', '10753eb7-45f6-4f8a-a223-a330460f8799', '2024-09-10 08:39:07', NULL),
('b589ad4a-3857-46df-8494-e673f561c893', 'TIARAPRIME.T9 T100-322', 'T932005003', 'BLACK_0102', 3200, 500, 3.00, 'PCS', '2024-09-10 08:39:07', '10753eb7-45f6-4f8a-a223-a330460f8799', '2024-09-10 08:39:07', NULL),
('b5dd251e-9aa1-4375-9e36-eea4f8c1b070', 'TIARAPRIME F3', '7154F324398', 'GREY_7154', 2439, 1219, 0.80, 'PCS', '2024-09-10 08:39:07', '10753eb7-45f6-4f8a-a223-a330460f8799', '2024-09-10 08:39:07', NULL),
('b7e2e68c-5394-4164-8ad4-74dc4fdd54e3', 'TIARAPRIME F1', '7506F124398', 'GREY_7506', 2439, 1219, 0.80, 'PCS', '2024-09-10 08:39:07', '10753eb7-45f6-4f8a-a223-a330460f8799', '2024-09-10 08:39:07', NULL),
('beb88b2a-0b86-4963-a1ed-b892cf03260a', 'TIARAPRIME.T9', 'T930005003', 'T100-322 BLACK_0102', 3000, 500, 3.00, 'PCS', '2024-09-10 08:39:07', '10753eb7-45f6-4f8a-a223-a330460f8799', '2024-09-10 08:39:07', NULL),
('c0c0ee71-a51e-4c7e-96c8-d0fd0f0e76b1', 'TIARAPRIME F3', '7907F324408', 'GREY_7907', 2440, 1220, 0.80, 'PCS', '2024-09-10 08:39:07', '10753eb7-45f6-4f8a-a223-a330460f8799', '2024-09-10 08:39:07', NULL),
('c45a1e97-d4f7-491f-88fd-aff035a89cd1', 'TIARAPRIME.T9', 'T923005503.5', 'T100-322 BLACK_0102', 2300, 550, 3.50, 'PCS', '2024-09-10 08:39:07', '10753eb7-45f6-4f8a-a223-a330460f8799', '2024-09-10 08:39:07', NULL),
('c46541c3-5be8-4731-9c2a-55f504c6b9b8', 'TIARAPRIME.T9', 'T9NAT31507503', 'ABS_NATURAL', 3150, 750, 3.00, 'PCS', '2024-09-10 08:39:07', '10753eb7-45f6-4f8a-a223-a330460f8799', '2024-09-10 08:39:07', NULL),
('c56f9a22-0577-4b14-81c6-bfae726a1a40', 'TIARAPRIME.T9', 'T98005003', 'T100-322 BLACK_0102', 800, 550, 3.00, 'PCS', '2024-09-10 08:39:07', '10753eb7-45f6-4f8a-a223-a330460f8799', '2024-09-10 08:39:07', NULL),
('c61cc0c3-3c68-4e48-b77d-5c7ada425b16', 'TIARAPRIME.T9', 'T9N12509353.5', '440_NATURAL/DWA', 1250, 935, 3.50, 'PCS', '2024-09-10 08:39:07', '10753eb7-45f6-4f8a-a223-a330460f8799', '2024-09-10 08:39:07', NULL),
('c6b3e11e-5a2d-41e7-aa29-b42c4bae1724', 'TIARAPRIME.T9', 'T919005003', 'T100-322 BLACK_0102', 1900, 500, 3.00, 'PCS', '2024-09-10 08:39:07', '10753eb7-45f6-4f8a-a223-a330460f8799', '2024-09-10 08:39:07', NULL),
('ca5507c0-7a16-4102-8c1e-eac9f4bfa463', 'TIARAPRIME F1', '7610MF124408', 'GREY_7610M', 2440, 1220, 0.80, 'PCS', '2024-09-10 08:39:07', '10753eb7-45f6-4f8a-a223-a330460f8799', '2024-09-10 08:39:07', NULL),
('ca7770ed-0879-48d8-8cf1-a20bf1377a8b', 'TIARAPRIME.T9', 'T928004603', 'T100-322 BLACK_0102', 2800, 460, 3.00, 'PCS', '2024-09-10 08:39:07', '10753eb7-45f6-4f8a-a223-a330460f8799', '2024-09-10 08:39:07', NULL),
('cc7ce307-146f-4d3b-97f2-aa81671206e0', 'TIARAPRIME F1', '7904F124398', 'GREY_7904', 2439, 1219, 0.80, 'PCS', '2024-09-10 08:39:07', '10753eb7-45f6-4f8a-a223-a330460f8799', '2024-09-10 08:39:07', NULL),
('ccf3ab3c-a8dd-47b4-bc4b-a81d8da537a7', 'TIARAPRIME.T9', 'T931006003', 'T100-322 BLACK_0102', 3100, 600, 3.00, 'PCS', '2024-09-10 08:39:07', '10753eb7-45f6-4f8a-a223-a330460f8799', '2024-09-10 08:39:07', NULL),
('cec5fc81-b948-4a2b-82d3-ac298ca17dc0', 'TIARAPRIME F3', '0102F324398', 'BLACK_0102', 2439, 1219, 0.80, 'PCS', '2024-09-10 08:39:07', '10753eb7-45f6-4f8a-a223-a330460f8799', '2024-09-10 08:39:07', NULL),
('d393241d-40d9-4fb4-8a3d-2a510d418ba9', 'TIARAPRIME F2', '9601F224397', 'WHITE_9601', 2439, 1219, 0.70, 'PCS', '2024-09-10 08:39:07', '10753eb7-45f6-4f8a-a223-a330460f8799', '2024-09-10 08:39:07', NULL),
('d6161484-4926-4823-9b6b-e8d616e56210', 'TIARAPRIME F1', '7901MF124398', 'GREY_7901M', 2439, 1219, 0.80, 'PCS', '2024-09-10 08:39:07', '10753eb7-45f6-4f8a-a223-a330460f8799', '2024-09-10 08:39:07', NULL),
('d6411d14-d7f6-43fd-b829-7ce62ae5d37d', 'TIARAPRIME F3', '1101F324408', 'BEIGE_1101', 2440, 1220, 0.80, 'PCS', '2024-09-10 08:39:07', '10753eb7-45f6-4f8a-a223-a330460f8799', '2024-09-10 08:39:07', NULL),
('d796491f-7c88-4155-833f-02aa6f958263', 'TIARAPRIME.T9', 'T9N188011503.5', '440_NATURAL/DWA', 1880, 1150, 3.50, 'PCS', '2024-09-10 08:39:07', '10753eb7-45f6-4f8a-a223-a330460f8799', '2024-09-10 08:39:07', NULL),
('d7b23d8e-9d60-46c3-ba74-f1df18877abe', 'TIARAPRIME F3', '7742F324398', 'GREY_7742', 2439, 1219, 0.80, 'PCS', '2024-09-10 08:39:07', '10753eb7-45f6-4f8a-a223-a330460f8799', '2024-09-10 08:39:07', NULL),
('d7eaf95e-1e38-406b-aea0-41977028d3e1', 'TIARAPRIME.T9', 'T929006003', 'T100-322 BLACK_0102', 2900, 600, 3.00, 'PCS', '2024-09-10 08:39:07', '10753eb7-45f6-4f8a-a223-a330460f8799', '2024-09-10 08:39:07', NULL),
('d7fa912d-6208-4a77-85e9-180fb8c5843a', 'TIARAPRIME.T9', 'T96205203', 'T100-322 BLACK_0102', 620, 520, 3.00, 'PCS', '2024-09-10 08:39:07', '10753eb7-45f6-4f8a-a223-a330460f8799', '2024-09-10 08:39:07', NULL),
('d8afa040-9053-47f4-b406-af18270fecbf', 'TIARAPRIME.T9', 'T9440N13808901', '440_NATURAL', 1380, 890, 1.00, 'PCS', '2024-09-10 08:39:07', '10753eb7-45f6-4f8a-a223-a330460f8799', '2024-09-10 08:39:07', NULL),
('d9530006-047e-4592-b22c-3ac576a8e003', 'TIARAPRIME.T9', 'T927506003.5', 'T100-322 BLACK_0102', 2750, 600, 3.50, 'PCS', '2024-09-10 08:39:07', '10753eb7-45f6-4f8a-a223-a330460f8799', '2024-09-10 08:39:07', NULL),
('dc459bb1-c2cc-46aa-a562-dce6930ef234', 'TIARAPRIME F3', '5320F324408', 'BLUE_5320', 2440, 1220, 0.80, 'PCS', '2024-09-10 08:39:07', '10753eb7-45f6-4f8a-a223-a330460f8799', '2024-09-10 08:39:07', NULL),
('de33adb1-e726-4327-b703-bcd1a033dfab', 'TIARAPRIME F1', '1480F124408', 'BEIGE_1480', 2440, 1220, 0.80, 'PCS', '2024-09-10 08:39:07', '10753eb7-45f6-4f8a-a223-a330460f8799', '2024-09-10 08:39:07', NULL),
('de37a966-b5ff-4b26-a723-99e97ab6c5e1', 'TIARAPRIME F1', '9301F130198', 'WHITE_9301', 3019, 1212, 0.80, 'PCS', '2024-09-10 08:39:07', '10753eb7-45f6-4f8a-a223-a330460f8799', '2024-09-10 08:39:07', NULL),
('de465b9b-963a-40c3-bdc2-d2d6cbd559ce', 'TIARAPRIME F1', '7175F124408', 'GREY_7175', 2440, 1220, 0.80, 'PCS', '2024-09-10 08:39:07', '10753eb7-45f6-4f8a-a223-a330460f8799', '2024-09-10 08:39:07', NULL),
('e019a9a4-05e3-44b4-9787-37d1af6eee5a', 'TIARAPRIME F1', '7609PF124398', 'GREY_7609P', 2439, 1219, 0.80, 'PCS', '2024-09-10 08:39:07', '10753eb7-45f6-4f8a-a223-a330460f8799', '2024-09-10 08:39:07', NULL),
('e0a386e4-5bef-4719-8927-f6a1272ef362', 'TIARAPRIME.T9', 'T919006003', 'T100-322 BLACK_0102', 1900, 600, 3.00, 'PCS', '2024-09-10 08:39:07', '10753eb7-45f6-4f8a-a223-a330460f8799', '2024-09-10 08:39:07', NULL),
('e0cea1e1-9f59-4b38-99d8-1d418fc33ff8', 'TIARAPRIME F3', '1101F330508', 'BEIGE_1101', 3050, 1220, 0.80, 'PCS', '2024-09-10 08:39:07', '10753eb7-45f6-4f8a-a223-a330460f8799', '2024-09-10 08:39:07', NULL),
('e319adb5-a0cc-46aa-8fdb-ea667d04ac29', 'TIARAPRIME F1', '7904F124408', 'GREY_7904', 2440, 1220, 0.80, 'PCS', '2024-09-10 08:39:07', '10753eb7-45f6-4f8a-a223-a330460f8799', '2024-09-10 08:39:07', NULL),
('e325e20f-2f62-4886-a032-8f802796de61', 'TIARAPRIME.T9', 'T921106103', 'T100-322 BLACK_0102', 2110, 610, 3.00, 'PCS', '2024-09-10 08:39:07', '10753eb7-45f6-4f8a-a223-a330460f8799', '2024-09-10 08:39:07', NULL),
('e3327385-36f6-4f4e-b844-13065dad8562', 'TIARAPRIME.T9', 'T9NAT27007003ABS', 'ABS_NATURAL', 2700, 700, 3.00, 'PCS', '2024-09-10 08:39:07', '10753eb7-45f6-4f8a-a223-a330460f8799', '2024-09-10 08:39:07', NULL),
('e5a4bce3-5192-4586-a33a-881679b20977', 'TIARAPRIME F1', '8835F130508', 'BROWN_8835', 3050, 1220, 0.80, 'PCS', '2024-09-10 08:39:07', '10753eb7-45f6-4f8a-a223-a330460f8799', '2024-09-10 08:39:07', NULL),
('e5d977bc-e76b-4c5d-a3d8-f18e006b37aa', 'TIARAPRIME F1', '7402MF130508', 'GREY_7402M', 3050, 1220, 0.80, 'PCS', '2024-09-10 08:39:07', '10753eb7-45f6-4f8a-a223-a330460f8799', '2024-09-10 08:39:07', NULL),
('e7bde8d4-8dcb-4fc3-8133-0dd7c8dd3e16', 'TIARAPRIME.T9', 'T9440N6204201.8', '440_NATURAL', 620, 420, 1.80, 'PCS', '2024-09-10 08:39:07', '10753eb7-45f6-4f8a-a223-a330460f8799', '2024-09-10 08:39:07', NULL),
('e7d60e7c-e723-45b9-a875-9732c6ad84fc', 'TIARAPRIME.T9', 'T98503003', 'T100-322 BLACK_0102', 850, 300, 3.00, 'PCS', '2024-09-10 08:39:07', '10753eb7-45f6-4f8a-a223-a330460f8799', '2024-09-10 08:39:07', NULL),
('e8026f1d-4557-4f36-9184-67f1318d91de', 'TIARAPRIME F1', '9301F124407', 'WHITE_9301', 2440, 1220, 0.70, 'PCS', '2024-09-10 08:39:07', '10753eb7-45f6-4f8a-a223-a330460f8799', '2024-09-10 08:39:07', NULL),
('eb36b963-59f4-4264-842e-d3638a29bbe1', 'TIARAPRIME F3', '9850F324398', 'WHITE_9850', 2439, 1219, 0.80, 'PCS', '2024-09-10 08:39:07', '10753eb7-45f6-4f8a-a223-a330460f8799', '2024-09-10 08:39:07', NULL),
('ef9cfeba-cb19-4997-b6a7-c3f3674e83f4', 'TIARAPRIME.T9', 'T9NAT32006003', 'NATURAL', 3200, 600, 3.00, 'PCS', '2024-09-10 08:39:07', '10753eb7-45f6-4f8a-a223-a330460f8799', '2024-09-10 08:39:07', NULL),
('f067338d-96dc-4837-96dc-70baf3adc7c3', 'TIARAPRIME F1', '1402PF12440', 'BEIGE_1402P', 2440, 1220, 0.80, 'PCS', '2024-09-10 08:39:07', '10753eb7-45f6-4f8a-a223-a330460f8799', '2024-09-10 08:39:07', NULL),
('f14932ea-049d-43de-9bbb-1407bf906082', 'TIARAPRIME.T9', 'T929005003', 'T100-322 BLACK_0102', 2900, 500, 3.00, 'PCS', '2024-09-10 08:39:07', '10753eb7-45f6-4f8a-a223-a330460f8799', '2024-09-10 08:39:07', NULL),
('f28dff14-d040-4bec-93a8-99a4ac5bf65f', 'TIARAPRIME.T9', 'T918005503', 'T100-322 BLACK_0102', 1800, 550, 3.00, 'PCS', '2024-09-10 08:39:07', '10753eb7-45f6-4f8a-a223-a330460f8799', '2024-09-10 08:39:07', NULL),
('f39f6aa4-4aba-4307-abe2-f5eb68e9a522', 'TIARAPRIME F1', '7603MF1300008', 'GREY_7603M', 300000, 600, 0.80, 'ROLL', '2024-09-10 08:39:07', '10753eb7-45f6-4f8a-a223-a330460f8799', '2024-09-10 08:39:07', NULL),
('f3f0966e-0684-4e3b-b299-f377c7e13ca1', 'TIARAPRIME F3', '5157F324398', 'BLUE_5157', 2439, 1219, 0.80, 'PCS', '2024-09-10 08:39:07', '10753eb7-45f6-4f8a-a223-a330460f8799', '2024-09-10 08:39:07', NULL),
('f4b800c5-c5af-4da3-b821-0a6e7325872f', 'TIARAPRIME F1', '7907F130508', 'GREY_7907', 3050, 1220, 0.80, 'PCS', '2024-09-10 08:39:07', '10753eb7-45f6-4f8a-a223-a330460f8799', '2024-09-10 08:39:07', NULL),
('f5762861-a294-48ac-a693-f5c402e10cf5', 'TIARAPRIME.T9', 'T9N8606003.5', '440_NATURAL/DWA', 860, 600, 3.50, 'PCS', '2024-09-10 08:39:07', '10753eb7-45f6-4f8a-a223-a330460f8799', '2024-09-10 08:39:07', NULL),
('f700799a-3aba-4477-aa9c-dec4550e3031', 'TIARAPRIME.T9', 'T922657403.5', 'T100-322 BLACK_0102', 2265, 740, 3.50, 'PCS', '2024-09-10 08:39:07', '10753eb7-45f6-4f8a-a223-a330460f8799', '2024-09-10 08:39:07', NULL),
('f91909c4-c30f-4758-bd4a-4b75704a64ca', 'TIARAPRIME F1', '9086PF1200001', 'WHITE_9086P', 200000, 600, 1.00, 'ROLL', '2024-09-10 08:39:07', '10753eb7-45f6-4f8a-a223-a330460f8799', '2024-09-10 08:39:07', NULL),
('f9f0e502-b617-4ad9-bd04-cd6aa988e66a', 'TIARAPRIME F1', '9086PF124398', 'WHITE_9086P', 2439, 1219, 0.80, 'PCS', '2024-09-10 08:39:07', '10753eb7-45f6-4f8a-a223-a330460f8799', '2024-09-10 08:39:07', NULL),
('fa6092af-a1a1-4c07-a365-4a9bd9af65e2', 'TIARAPRIME F1', '9301F124398', 'WHITE_9301', 2439, 1219, 0.80, 'PCS', '2024-09-10 08:39:07', '10753eb7-45f6-4f8a-a223-a330460f8799', '2024-09-10 08:39:07', NULL),
('fae639dc-f2d6-4806-9d3e-9b05284cfd9b', 'TIARAPRIME.T9', 'T928004703', 'T100-322 BLACK_0102', 2800, 470, 3.00, 'PCS', '2024-09-10 08:39:07', '10753eb7-45f6-4f8a-a223-a330460f8799', '2024-09-10 08:39:07', NULL),
('fb175cc9-3ade-4213-a03b-ffce0275b934', 'TIARAPRIME M3', '9301M324002', 'WHITE_9301', 2400, 1260, 2.00, 'PCS', '2024-09-10 08:39:07', '10753eb7-45f6-4f8a-a223-a330460f8799', '2024-09-10 08:39:07', NULL);

-- --------------------------------------------------------

--
-- Table structure for table `cache`
--

CREATE TABLE `cache` (
  `key` varchar(255) NOT NULL,
  `value` mediumtext NOT NULL,
  `expiration` int(11) NOT NULL
) ENGINE=InnoDB DEFAULT CHARSET=utf8mb4 COLLATE=utf8mb4_unicode_ci;

-- --------------------------------------------------------

--
-- Table structure for table `cache_locks`
--

CREATE TABLE `cache_locks` (
  `key` varchar(255) NOT NULL,
  `owner` varchar(255) NOT NULL,
  `expiration` int(11) NOT NULL
) ENGINE=InnoDB DEFAULT CHARSET=utf8mb4 COLLATE=utf8mb4_unicode_ci;

-- --------------------------------------------------------

--
-- Table structure for table `customer`
--

CREATE TABLE `customer` (
  `uid` varchar(40) NOT NULL,
  `nama` varchar(255) DEFAULT NULL,
  `alamat` text DEFAULT NULL,
  `tipe` enum('lokal','ekspor') DEFAULT NULL,
  `negara` varchar(255) DEFAULT NULL,
  `created_at` timestamp NOT NULL DEFAULT current_timestamp(),
  `created_by` varchar(40) DEFAULT NULL,
  `updated_at` timestamp NOT NULL DEFAULT current_timestamp() ON UPDATE current_timestamp(),
  `updated_by` varchar(40) DEFAULT NULL
) ENGINE=InnoDB DEFAULT CHARSET=utf8mb4 COLLATE=utf8mb4_general_ci;

--
-- Dumping data for table `customer`
--

INSERT INTO `customer` (`uid`, `nama`, `alamat`, `tipe`, `negara`, `created_at`, `created_by`, `updated_at`, `updated_by`) VALUES
('06fc0ad1-1a3a-466e-af18-95914a0fd4d4', 'LIVAS VINA CO., LTD.', 'NO. 29, 66 ALLEY, 132 LANE, NGUYEN XA VILLAGE, MINH KHAI WARD, BAC TU LIEM DISTRICT, HANOI', 'ekspor', 'VIETNAM', '2024-09-13 07:02:34', '10753eb7-45f6-4f8a-a223-a330460f8799', '2024-09-13 07:02:34', NULL),
('0d4aad9f-980a-4196-9563-cd9fe5ffef0e', 'NATIONAL FURNITURE CO.LTD.', 'NO.16 ROMKLAO ROAD KLONG SAM PRAWET, LADKRABANG BANGKOK', 'ekspor', 'THAILAND', '2024-09-13 07:02:34', '10753eb7-45f6-4f8a-a223-a330460f8799', '2024-09-13 07:02:34', NULL),
('17b9c704-629c-45ea-8dcc-855ad509f7bd', 'EGRO INVESTMENT AND TRADING CO.,LTD.', 'NO.2, LANE 42, LANE 52/I, XUAN DINH STREET, XUAN DINH WARD, BAC TU LIEM DISTRICT, HA NOI VIETNAM', 'ekspor', 'VIETNAM', '2024-09-13 07:02:34', '10753eb7-45f6-4f8a-a223-a330460f8799', '2024-09-13 07:02:34', NULL),
('1a76d0f0-d192-4055-9f59-d98b36668edb', 'FURITA', '41/60B 80B Road, Dong Thanh Commune', 'ekspor', 'VIETNAM', '2024-09-13 07:02:34', '10753eb7-45f6-4f8a-a223-a330460f8799', '2024-09-13 07:02:34', NULL),
('1beec4a7-80ed-4e11-94d6-059bec100893', 'EGRO INVESTMENT AND TRADING .,JSC', 'NO.02,LANE 42/52/1', 'ekspor', 'VIETNAM.', '2024-09-13 07:02:34', '10753eb7-45f6-4f8a-a223-a330460f8799', '2024-09-13 07:02:34', NULL),
('2b4a775e-2ba6-4e46-a394-ad5817246b52', 'PT. DASA WINDU AGUNG', 'JL. PANGKALAN IA, NO. 18 NAROGONG BANTAR GEBANG BEKASI BARAT 17151', 'lokal', 'INDONESIA', '2024-09-13 07:02:34', '10753eb7-45f6-4f8a-a223-a330460f8799', '2024-09-13 07:02:34', NULL),
('4df1eaeb-1a15-453b-9191-61ff0eecfb11', 'ALD IM-EXPORT TRADE', 'HANOI VIETNAM', 'ekspor', 'VIETNAM', '2024-09-13 07:02:34', '10753eb7-45f6-4f8a-a223-a330460f8799', '2024-09-13 07:02:34', NULL),
('5c428671-1b65-48e0-84ee-28980d4bbba1', 'KOSASIH', 'JL. MANYAR II RT/RW 002/011 KEL. TEGAL ALUR KEC. KALIDERES JAKARTA BARAT', 'lokal', 'INDONESIA', '2024-09-13 07:02:34', '10753eb7-45f6-4f8a-a223-a330460f8799', '2024-09-13 07:02:34', NULL),
('5c8a33e1-4f76-445d-8d50-3d6042864ab5', 'WREN GROUP PTY LTD.,', '7 AMCOR WAY CAMPBELLFIELD VICTORIA', 'ekspor', 'AUSTRALIA', '2024-09-13 07:02:34', '10753eb7-45f6-4f8a-a223-a330460f8799', '2024-09-13 07:02:34', NULL),
('5dd778f2-45cb-45de-9223-cc6b04f115d9', 'PT. TISCHLERZENTRUM BANDUNG', 'JL. RAYA DAYEUH KOLOT NO.34 KEL. PASAWAHAN, KEC. DAYEUH KOLOT, KAB. BANDUNG', 'lokal', 'INDONESIA', '2024-09-13 07:02:34', '10753eb7-45f6-4f8a-a223-a330460f8799', '2024-09-13 07:02:34', NULL),
('5e905753-cdbc-43e7-805a-86b711ed24ad', 'PT. SMART TECHTEX', 'JL CIREBON TEGAL BLOK WAGE KEL RAWA URIP KEC. PANGENAN CIREBON', 'lokal', 'INDONESIA', '2024-09-13 07:02:34', '10753eb7-45f6-4f8a-a223-a330460f8799', '2024-09-13 07:02:34', NULL),
('643c8ce0-b4ef-40fd-a5de-44607b2239c3', 'CONG TY TNHH TM DV MOC PHAT', 'THUA DAT SO 351, TO BAN DO SO 12', 'ekspor', 'VIETNAM', '2024-09-13 07:02:34', '10753eb7-45f6-4f8a-a223-a330460f8799', '2024-09-13 07:02:34', NULL),
('6c7dae09-1579-4f4f-b528-54b5cc43a15d', 'ADJUSTMENT', 'PT. Tiara Indoprima', 'lokal', 'INDONESIA', '2024-09-13 07:02:34', '10753eb7-45f6-4f8a-a223-a330460f8799', '2024-09-13 07:02:34', NULL),
('77ab4770-216c-438a-a8ee-4b3f1772ce55', 'BAMBANG GUNAWAN', 'KP. CISEAH MEKAR PAMEUNTASAN', 'lokal', 'INDONESIA', '2024-09-13 07:02:34', '10753eb7-45f6-4f8a-a223-a330460f8799', '2024-09-13 07:02:34', NULL),
('79c0427c-13c7-4294-91a3-1662ea6ac900', 'URBAN REPUPLIC', '81 METROLINK CIRCUIT CAMPBELLFIELD VIC 3061', 'ekspor', 'AUSTRALIA', '2024-09-13 07:02:34', '10753eb7-45f6-4f8a-a223-a330460f8799', '2024-09-13 07:02:34', NULL),
('7c23ee51-d59b-4ba9-be68-795eca559792', 'SUNYU PRODUCTS AND SERVICE SDN BHD.,', '2 JALAN MEGA 1/6 TAMAN PERINDUSTRIAN', 'ekspor', 'MALAYSIA', '2024-09-13 07:02:34', '10753eb7-45f6-4f8a-a223-a330460f8799', '2024-09-13 07:02:34', NULL),
('d62c9fe9-7248-4064-8999-03858b761ec8', 'EGR OAKMOORE PTY LTD.,', 'ABN 13 056 159 570 PO BOX 171, SALISBURY', 'ekspor', 'AUSTRALIA', '2024-09-13 07:02:34', '10753eb7-45f6-4f8a-a223-a330460f8799', '2024-09-13 07:02:34', NULL),
('d65793a8-9688-479f-bb1e-a74fae7ea552', 'PT. GMK INDONESIA', 'INDONESIA', 'lokal', 'INDONESIA', '2024-09-13 07:02:34', '10753eb7-45f6-4f8a-a223-a330460f8799', '2024-09-13 07:02:34', NULL),
('d77bbc81-1fdc-42bb-aa4a-8ddb57f8e0f9', 'GERVIN', 'VIETNAM', 'ekspor', 'VIETNAM', '2024-09-13 07:02:34', '10753eb7-45f6-4f8a-a223-a330460f8799', '2024-09-13 07:02:34', NULL),
('dd238343-2a35-41e6-b409-315829c91405', 'SUPREME DECOR LTD.,', 'NO. 21 SOI PUNNAWITHI 12, SUKHUMVIT', 'ekspor', 'THAILAND', '2024-09-13 07:02:34', '10753eb7-45f6-4f8a-a223-a330460f8799', '2024-09-13 07:02:34', NULL),
('eec28907-5bf1-4a64-a343-a41f096111df', 'LIVAS SAI GON', 'No. 28, C18 Street, WARD 12', 'ekspor', 'VIETNAM', '2024-09-13 07:02:34', '10753eb7-45f6-4f8a-a223-a330460f8799', '2024-09-13 07:02:34', NULL),
('f010fd99-9444-4313-bce6-4a34b7f158bd', 'CHERDCHAI', '1075 MITRAPHAP RD., NAIMUANG, NAKHON RATCHASIMA 30000', 'ekspor', 'THAILAND', '2024-09-13 07:02:34', '10753eb7-45f6-4f8a-a223-a330460f8799', '2024-09-13 07:02:34', NULL),
('fbc533bf-a53b-45fe-aaf5-770fc5a6c3c2', 'SYARIEF AHMADY', 'KP. BOJONG BUAH CILAMPENI KATAPANG BANDUNG', 'lokal', 'INDONESIA', '2024-09-13 07:02:34', '10753eb7-45f6-4f8a-a223-a330460f8799', '2024-09-13 07:02:34', NULL);

-- --------------------------------------------------------

--
-- Table structure for table `failed_jobs`
--

CREATE TABLE `failed_jobs` (
  `id` bigint(20) UNSIGNED NOT NULL,
  `uuid` varchar(255) NOT NULL,
  `connection` text NOT NULL,
  `queue` text NOT NULL,
  `payload` longtext NOT NULL,
  `exception` longtext NOT NULL,
  `failed_at` timestamp NOT NULL DEFAULT current_timestamp()
) ENGINE=InnoDB DEFAULT CHARSET=utf8mb4 COLLATE=utf8mb4_unicode_ci;

-- --------------------------------------------------------

--
-- Table structure for table `gudang`
--

CREATE TABLE `gudang` (
  `uid` varchar(40) NOT NULL,
  `nama` varchar(255) DEFAULT NULL,
  `created_at` timestamp NOT NULL DEFAULT current_timestamp(),
  `created_by` varchar(40) DEFAULT NULL,
  `updated_at` timestamp NOT NULL DEFAULT current_timestamp() ON UPDATE current_timestamp(),
  `updated_by` varchar(40) DEFAULT NULL
) ENGINE=InnoDB DEFAULT CHARSET=utf8mb4 COLLATE=utf8mb4_general_ci;

--
-- Dumping data for table `gudang`
--

INSERT INTO `gudang` (`uid`, `nama`, `created_at`, `created_by`, `updated_at`, `updated_by`) VALUES
('06ec0e1c-dab0-43e6-ba7e-409f52d6b01b', 'Gudang Packing', '2024-09-12 23:56:09', '10753eb7-45f6-4f8a-a223-a330460f8799', '2024-09-12 23:56:20', '10753eb7-45f6-4f8a-a223-a330460f8799'),
('1f2e348b-3652-48e0-91b9-901e6ece94c0', 'Gudang Spart', '2024-09-12 23:56:28', '10753eb7-45f6-4f8a-a223-a330460f8799', '2024-09-12 23:56:28', NULL),
('7cd8e26c-b8e0-428e-8433-0adc98239cf5', 'Gudang Bahan Baku', '2024-09-12 23:55:51', '10753eb7-45f6-4f8a-a223-a330460f8799', '2024-09-12 23:55:51', NULL),
('9fab9f30-c08a-44c0-a7ad-a4e02d5a2bf6', 'Gudang Afval', '2024-09-12 23:55:44', '10753eb7-45f6-4f8a-a223-a330460f8799', '2024-09-12 23:55:44', NULL),
('f6cf8c50-2d54-497b-b234-7b434b0d4e1b', 'Gudang Kimia', '2024-09-12 23:56:03', '10753eb7-45f6-4f8a-a223-a330460f8799', '2024-09-12 23:56:03', NULL),
('f9f7c4f6-7bca-4aa2-a7c1-b0d4da958d81', 'Gudang Barang Jadi', '2024-09-12 23:55:57', '10753eb7-45f6-4f8a-a223-a330460f8799', '2024-09-12 23:55:57', NULL);

-- --------------------------------------------------------

--
-- Table structure for table `jenis_waste`
--

CREATE TABLE `jenis_waste` (
  `uid` varchar(40) NOT NULL,
  `nama` varchar(255) DEFAULT NULL,
  `kode` varchar(255) DEFAULT NULL,
  `created_at` timestamp NOT NULL DEFAULT current_timestamp(),
  `created_by` varchar(40) DEFAULT NULL,
  `updated_at` timestamp NOT NULL DEFAULT current_timestamp() ON UPDATE current_timestamp(),
  `updated_by` varchar(40) DEFAULT NULL
) ENGINE=InnoDB DEFAULT CHARSET=utf8mb4 COLLATE=utf8mb4_general_ci;

--
-- Dumping data for table `jenis_waste`
--

INSERT INTO `jenis_waste` (`uid`, `nama`, `kode`, `created_at`, `created_by`, `updated_at`, `updated_by`) VALUES
('1a085851-3de7-4bdb-a11f-025b5ca240fd', 'MASKING', 'MASKING', '2024-09-09 21:32:34', '10753eb7-45f6-4f8a-a223-a330460f8799', '2024-09-09 21:32:34', NULL),
('a74cd8a8-268c-49f2-b658-d1b101637058', 'ABS', 'ABS', '2024-09-09 21:47:03', '10753eb7-45f6-4f8a-a223-a330460f8799', '2024-09-09 21:47:03', NULL),
('c1dc9f9f-73e0-4386-aa87-84a00455e197', 'PMMA', 'PMMA', '2024-09-09 21:32:42', '10753eb7-45f6-4f8a-a223-a330460f8799', '2024-09-09 21:32:42', NULL);

-- --------------------------------------------------------

--
-- Table structure for table `jobs`
--

CREATE TABLE `jobs` (
  `id` bigint(20) UNSIGNED NOT NULL,
  `queue` varchar(255) NOT NULL,
  `payload` longtext NOT NULL,
  `attempts` tinyint(3) UNSIGNED NOT NULL,
  `reserved_at` int(10) UNSIGNED DEFAULT NULL,
  `available_at` int(10) UNSIGNED NOT NULL,
  `created_at` int(10) UNSIGNED NOT NULL
) ENGINE=InnoDB DEFAULT CHARSET=utf8mb4 COLLATE=utf8mb4_unicode_ci;

-- --------------------------------------------------------

--
-- Table structure for table `job_batches`
--

CREATE TABLE `job_batches` (
  `id` varchar(255) NOT NULL,
  `name` varchar(255) NOT NULL,
  `total_jobs` int(11) NOT NULL,
  `pending_jobs` int(11) NOT NULL,
  `failed_jobs` int(11) NOT NULL,
  `failed_job_ids` longtext NOT NULL,
  `options` mediumtext DEFAULT NULL,
  `cancelled_at` int(11) DEFAULT NULL,
  `created_at` int(11) NOT NULL,
  `finished_at` int(11) DEFAULT NULL
) ENGINE=InnoDB DEFAULT CHARSET=utf8mb4 COLLATE=utf8mb4_unicode_ci;

-- --------------------------------------------------------

--
-- Table structure for table `migrations`
--

CREATE TABLE `migrations` (
  `id` int(10) UNSIGNED NOT NULL,
  `migration` varchar(255) NOT NULL,
  `batch` int(11) NOT NULL
) ENGINE=InnoDB DEFAULT CHARSET=utf8mb4 COLLATE=utf8mb4_unicode_ci;

--
-- Dumping data for table `migrations`
--

INSERT INTO `migrations` (`id`, `migration`, `batch`) VALUES
(1, '0001_01_01_000000_create_users_table', 1),
(2, '0001_01_01_000001_create_cache_table', 1),
(3, '0001_01_01_000002_create_jobs_table', 1);

-- --------------------------------------------------------

--
-- Table structure for table `password_reset_tokens`
--

CREATE TABLE `password_reset_tokens` (
  `email` varchar(255) NOT NULL,
  `token` varchar(255) NOT NULL,
  `created_at` timestamp NULL DEFAULT NULL
) ENGINE=InnoDB DEFAULT CHARSET=utf8mb4 COLLATE=utf8mb4_unicode_ci;

-- --------------------------------------------------------

--
-- Table structure for table `roles`
--

CREATE TABLE `roles` (
  `uid` varchar(40) NOT NULL,
  `name` varchar(255) DEFAULT NULL,
  `slug` varchar(255) NOT NULL,
  `description` text DEFAULT NULL
) ENGINE=InnoDB DEFAULT CHARSET=utf8mb4 COLLATE=utf8mb4_general_ci;

--
-- Dumping data for table `roles`
--

INSERT INTO `roles` (`uid`, `name`, `slug`, `description`) VALUES
('0e5b2112-12b0-4773-885e-6288386c0586', 'Exim', 'exim', 'Being an export import staff'),
('2b56db43-9fef-4da7-8c42-7f3f6611493a', 'Pembelian', 'pembelian', 'Being a pembelian staff'),
('2feaf458-c9ea-4127-9bb9-af8e6478ea72', 'Penjualan', 'penjualan', 'Being a penjualan staff'),
('6363abba-bae5-4212-88b3-808b3d82c79d', 'Gudang', 'gudang', 'Being a Gudang Staff'),
('731f53cb-5c48-4b5f-add6-bb5e6abc9698', 'Super Admin', 'super_admin', 'Being a super admin'),
('b1b5a46b-c0dc-4c46-abb1-fca5f04cd3c6', 'Bea Cukai', 'bea_cukai', 'Being a Bea Cukai Staff');

-- --------------------------------------------------------

--
-- Table structure for table `sessions`
--

CREATE TABLE `sessions` (
  `id` varchar(255) NOT NULL,
  `user_id` bigint(20) UNSIGNED DEFAULT NULL,
  `ip_address` varchar(45) DEFAULT NULL,
  `user_agent` text DEFAULT NULL,
  `payload` longtext NOT NULL,
  `last_activity` int(11) NOT NULL
) ENGINE=InnoDB DEFAULT CHARSET=utf8mb4 COLLATE=utf8mb4_unicode_ci;

--
-- Dumping data for table `sessions`
--

INSERT INTO `sessions` (`id`, `user_id`, `ip_address`, `user_agent`, `payload`, `last_activity`) VALUES
('wnnHj8aA7TGwUdMcpk2m90nl1XIzxip9Xok8YYlz', 10753, '127.0.0.1', 'Mozilla/5.0 (Windows NT 10.0; Win64; x64) AppleWebKit/537.36 (KHTML, like Gecko) Chrome/128.0.0.0 Safari/537.36', 'YTo2OntzOjY6Il90b2tlbiI7czo0MDoibFhZTXI0RHpnOHlBMktoYXVvRzhNbDBEN3RMOHFFVlZLVlgxV3hHYiI7czo5OiJfcHJldmlvdXMiO2E6MTp7czozOiJ1cmwiO3M6MzY6Imh0dHA6Ly8xMjcuMC4wLjE6ODAwMC9pbnZlbnRvcnkvdXNlciI7fXM6NjoiX2ZsYXNoIjthOjI6e3M6Mzoib2xkIjthOjA6e31zOjM6Im5ldyI7YTowOnt9fXM6NTA6ImxvZ2luX3dlYl81OWJhMzZhZGRjMmIyZjk0MDE1ODBmMDE0YzdmNThlYTRlMzA5ODlkIjtpOjEwNzUzO3M6NDoidXNlciI7TzoxNToiQXBwXE1vZGVsc1xVc2VyIjozMjp7czoxMzoiACoAY29ubmVjdGlvbiI7czo1OiJteXNxbCI7czo4OiIAKgB0YWJsZSI7czo1OiJ1c2VycyI7czoxMzoiACoAcHJpbWFyeUtleSI7czozOiJ1aWQiO3M6MTA6IgAqAGtleVR5cGUiO3M6MzoiaW50IjtzOjEyOiJpbmNyZW1lbnRpbmciO2I6MTtzOjc6IgAqAHdpdGgiO2E6MDp7fXM6MTI6IgAqAHdpdGhDb3VudCI7YTowOnt9czoxOToicHJldmVudHNMYXp5TG9hZGluZyI7YjowO3M6MTA6IgAqAHBlclBhZ2UiO2k6MTU7czo2OiJleGlzdHMiO2I6MTtzOjE4OiJ3YXNSZWNlbnRseUNyZWF0ZWQiO2I6MDtzOjI4OiIAKgBlc2NhcGVXaGVuQ2FzdGluZ1RvU3RyaW5nIjtiOjA7czoxMzoiACoAYXR0cmlidXRlcyI7YToxMTp7czozOiJ1aWQiO3M6MzY6IjEwNzUzZWI3LTQ1ZjYtNGY4YS1hMjIzLWEzMzA0NjBmODc5OSI7czo0OiJuYW1lIjtzOjU6IkFkbWluIjtzOjE1OiJwcm9maWxlX3BpY3R1cmUiO047czo4OiJ1c2VybmFtZSI7czo1OiJhZG1pbiI7czo4OiJwYXNzd29yZCI7czo2MDoiJDJ5JDEyJG1rQ2xGTmYvNmlNeVBmUzdOSHNMbmU5VlRibnU4bi9VRnVzYjVhYURjUXBWWnR1bk45UndDIjtzOjY6ImFjdGl2ZSI7aToxO3M6ODoicm9sZV91aWQiO3M6MzY6IjczMWY1M2NiLTVjNDgtNGI1Zi1hZGQ2LWJiNWU2YWJjOTY5OCI7czoxMDoiY3JlYXRlZF9hdCI7czoxOToiMjAyNC0wOS0wMyAxMDozMDo1NiI7czoxMDoiY3JlYXRlZF9ieSI7TjtzOjEwOiJ1cGRhdGVkX2F0IjtzOjE5OiIyMDI0LTA5LTAzIDEwOjMwOjU2IjtzOjEwOiJ1cGRhdGVkX2J5IjtOO31zOjExOiIAKgBvcmlnaW5hbCI7YToxMTp7czozOiJ1aWQiO3M6MzY6IjEwNzUzZWI3LTQ1ZjYtNGY4YS1hMjIzLWEzMzA0NjBmODc5OSI7czo0OiJuYW1lIjtzOjU6IkFkbWluIjtzOjE1OiJwcm9maWxlX3BpY3R1cmUiO047czo4OiJ1c2VybmFtZSI7czo1OiJhZG1pbiI7czo4OiJwYXNzd29yZCI7czo2MDoiJDJ5JDEyJG1rQ2xGTmYvNmlNeVBmUzdOSHNMbmU5VlRibnU4bi9VRnVzYjVhYURjUXBWWnR1bk45UndDIjtzOjY6ImFjdGl2ZSI7aToxO3M6ODoicm9sZV91aWQiO3M6MzY6IjczMWY1M2NiLTVjNDgtNGI1Zi1hZGQ2LWJiNWU2YWJjOTY5OCI7czoxMDoiY3JlYXRlZF9hdCI7czoxOToiMjAyNC0wOS0wMyAxMDozMDo1NiI7czoxMDoiY3JlYXRlZF9ieSI7TjtzOjEwOiJ1cGRhdGVkX2F0IjtzOjE5OiIyMDI0LTA5LTAzIDEwOjMwOjU2IjtzOjEwOiJ1cGRhdGVkX2J5IjtOO31zOjEwOiIAKgBjaGFuZ2VzIjthOjA6e31zOjg6IgAqAGNhc3RzIjthOjA6e31zOjE3OiIAKgBjbGFzc0Nhc3RDYWNoZSI7YTowOnt9czoyMToiACoAYXR0cmlidXRlQ2FzdENhY2hlIjthOjA6e31zOjEzOiIAKgBkYXRlRm9ybWF0IjtOO3M6MTA6IgAqAGFwcGVuZHMiO2E6MDp7fXM6MTk6IgAqAGRpc3BhdGNoZXNFdmVudHMiO2E6MDp7fXM6MTQ6IgAqAG9ic2VydmFibGVzIjthOjA6e31zOjEyOiIAKgByZWxhdGlvbnMiO2E6MTp7czo0OiJyb2xlIjtPOjE1OiJBcHBcTW9kZWxzXFJvbGUiOjMwOntzOjEzOiIAKgBjb25uZWN0aW9uIjtzOjU6Im15c3FsIjtzOjg6IgAqAHRhYmxlIjtzOjU6InJvbGVzIjtzOjEzOiIAKgBwcmltYXJ5S2V5IjtzOjM6InVpZCI7czoxMDoiACoAa2V5VHlwZSI7czozOiJpbnQiO3M6MTI6ImluY3JlbWVudGluZyI7YjoxO3M6NzoiACoAd2l0aCI7YTowOnt9czoxMjoiACoAd2l0aENvdW50IjthOjA6e31zOjE5OiJwcmV2ZW50c0xhenlMb2FkaW5nIjtiOjA7czoxMDoiACoAcGVyUGFnZSI7aToxNTtzOjY6ImV4aXN0cyI7YjoxO3M6MTg6Indhc1JlY2VudGx5Q3JlYXRlZCI7YjowO3M6Mjg6IgAqAGVzY2FwZVdoZW5DYXN0aW5nVG9TdHJpbmciO2I6MDtzOjEzOiIAKgBhdHRyaWJ1dGVzIjthOjQ6e3M6MzoidWlkIjtzOjM2OiI3MzFmNTNjYi01YzQ4LTRiNWYtYWRkNi1iYjVlNmFiYzk2OTgiO3M6NDoibmFtZSI7czoxMToiU3VwZXIgQWRtaW4iO3M6NDoic2x1ZyI7czoxMToic3VwZXJfYWRtaW4iO3M6MTE6ImRlc2NyaXB0aW9uIjtzOjE5OiJCZWluZyBhIHN1cGVyIGFkbWluIjt9czoxMToiACoAb3JpZ2luYWwiO2E6NDp7czozOiJ1aWQiO3M6MzY6IjczMWY1M2NiLTVjNDgtNGI1Zi1hZGQ2LWJiNWU2YWJjOTY5OCI7czo0OiJuYW1lIjtzOjExOiJTdXBlciBBZG1pbiI7czo0OiJzbHVnIjtzOjExOiJzdXBlcl9hZG1pbiI7czoxMToiZGVzY3JpcHRpb24iO3M6MTk6IkJlaW5nIGEgc3VwZXIgYWRtaW4iO31zOjEwOiIAKgBjaGFuZ2VzIjthOjA6e31zOjg6IgAqAGNhc3RzIjthOjA6e31zOjE3OiIAKgBjbGFzc0Nhc3RDYWNoZSI7YTowOnt9czoyMToiACoAYXR0cmlidXRlQ2FzdENhY2hlIjthOjA6e31zOjEzOiIAKgBkYXRlRm9ybWF0IjtOO3M6MTA6IgAqAGFwcGVuZHMiO2E6MDp7fXM6MTk6IgAqAGRpc3BhdGNoZXNFdmVudHMiO2E6MDp7fXM6MTQ6IgAqAG9ic2VydmFibGVzIjthOjA6e31zOjEyOiIAKgByZWxhdGlvbnMiO2E6MDp7fXM6MTA6IgAqAHRvdWNoZXMiO2E6MDp7fXM6MTA6InRpbWVzdGFtcHMiO2I6MTtzOjEzOiJ1c2VzVW5pcXVlSWRzIjtiOjA7czo5OiIAKgBoaWRkZW4iO2E6MDp7fXM6MTA6IgAqAHZpc2libGUiO2E6MDp7fXM6MTE6IgAqAGZpbGxhYmxlIjthOjI6e2k6MDtzOjQ6Im5hbWUiO2k6MTtzOjExOiJkZXNjcmlwdGlvbiI7fXM6MTA6IgAqAGd1YXJkZWQiO2E6MTp7aTowO3M6MToiKiI7fX19czoxMDoiACoAdG91Y2hlcyI7YTowOnt9czoxMDoidGltZXN0YW1wcyI7YjoxO3M6MTM6InVzZXNVbmlxdWVJZHMiO2I6MDtzOjk6IgAqAGhpZGRlbiI7YTowOnt9czoxMDoiACoAdmlzaWJsZSI7YTowOnt9czoxMToiACoAZmlsbGFibGUiO2E6MTA6e2k6MDtzOjQ6Im5hbWUiO2k6MTtzOjE1OiJwcm9maWxlX3BpY3R1cmUiO2k6MjtzOjg6InVzZXJuYW1lIjtpOjM7czo4OiJwYXNzd29yZCI7aTo0O3M6NjoiYWN0aXZlIjtpOjU7czo4OiJyb2xlX3VpZCI7aTo2O3M6MTA6ImNyZWF0ZWRfYXQiO2k6NztzOjEwOiJjcmVhdGVkX2J5IjtpOjg7czoxMDoidXBkYXRlZF9hdCI7aTo5O3M6MTA6InVwZGF0ZWRfYnkiO31zOjEwOiIAKgBndWFyZGVkIjthOjE6e2k6MDtzOjE6IioiO31zOjE5OiIAKgBhdXRoUGFzc3dvcmROYW1lIjtzOjg6InBhc3N3b3JkIjtzOjIwOiIAKgByZW1lbWJlclRva2VuTmFtZSI7czoxNDoicmVtZW1iZXJfdG9rZW4iO31zOjExOiJyb2xlX3Blcm1pdCI7czoxMToic3VwZXJfYWRtaW4iO30=', 1725420879);

-- --------------------------------------------------------

--
-- Table structure for table `supplier`
--

CREATE TABLE `supplier` (
  `uid` varchar(40) NOT NULL,
  `nama` varchar(255) DEFAULT NULL,
  `alamat` text DEFAULT NULL,
  `tipe` enum('lokal','impor') DEFAULT NULL,
  `negara` varchar(255) DEFAULT NULL,
  `created_at` timestamp NOT NULL DEFAULT current_timestamp(),
  `created_by` varchar(40) DEFAULT NULL,
  `updated_at` timestamp NOT NULL DEFAULT current_timestamp() ON UPDATE current_timestamp(),
  `updated_by` varchar(40) DEFAULT NULL
) ENGINE=InnoDB DEFAULT CHARSET=utf8mb4 COLLATE=utf8mb4_general_ci;

--
-- Dumping data for table `supplier`
--

INSERT INTO `supplier` (`uid`, `nama`, `alamat`, `tipe`, `negara`, `created_at`, `created_by`, `updated_at`, `updated_by`) VALUES
('00bec7ea-c5f9-4ad3-ad77-93a0ee125af1', 'TRINSEO', 'HONGKONG', 'impor', 'HONGKONG', '2024-09-13 06:54:59', '10753eb7-45f6-4f8a-a223-a330460f8799', '2024-09-13 06:54:59', NULL),
('04c3e229-1a03-49a4-ab6c-979ec731bf5f', 'ADJUSTMENT', 'PT. Tiara Indoprima', 'lokal', 'INDONESIA', '2024-09-13 06:54:59', '10753eb7-45f6-4f8a-a223-a330460f8799', '2024-09-13 06:54:59', NULL),
('151c3a4f-f6e0-492b-baf2-8aff3fbeffa3', 'Novacel', '27 RUE DU DR EMILE BATAILLE BP 4 F-76250 DEVILLE LES ROUEN', 'impor', 'FRANCE', '2024-09-13 06:54:59', '10753eb7-45f6-4f8a-a223-a330460f8799', '2024-09-13 06:54:59', NULL),
('1a84bff1-cdd0-4c47-a25b-1ba98dddddab', 'HIS', '#43,SONGPA-DAERO 28-GIL,KCC WELTZ TOWER #809 SONG', 'impor', 'KOREA', '2024-09-13 06:54:59', '10753eb7-45f6-4f8a-a223-a330460f8799', '2024-09-13 06:54:59', NULL),
('2fad6e2b-e1ba-441c-87f8-7e57df9aed33', 'ROEHM CHEMICAL', 'SHANGHAI', 'impor', 'SHANGHAI', '2024-09-13 06:54:59', '10753eb7-45f6-4f8a-a223-a330460f8799', '2024-09-13 06:54:59', NULL),
('5f44ace2-7956-465d-a6ce-8158e30d0c54', 'PT. PLANET CHEMICAL', 'JAKARTA', 'lokal', 'INDONESIA', '2024-09-13 06:54:59', '10753eb7-45f6-4f8a-a223-a330460f8799', '2024-09-13 06:54:59', NULL),
('618ec4da-37de-4d76-b6e2-f83c78c52040', 'PT. INDOKEMIKA JAYATAMA', 'Bandung', 'lokal', 'INDONESIA', '2024-09-13 06:54:59', '10753eb7-45f6-4f8a-a223-a330460f8799', '2024-09-13 06:54:59', NULL),
('830498a9-e72e-489b-b5fc-916477d888b8', 'TEKNOR APEX', 'USA', 'impor', 'USA', '2024-09-13 06:54:59', '10753eb7-45f6-4f8a-a223-a330460f8799', '2024-09-13 06:54:59', NULL),
('871a1152-875c-4391-94df-962204b848f0', 'Suzhou', 'China', 'impor', 'CHINA', '2024-09-13 06:54:59', '10753eb7-45f6-4f8a-a223-a330460f8799', '2024-09-13 06:54:59', NULL),
('96bce41c-0ab0-42b9-86ca-4a9b627495a0', 'BISCHOFF', 'JERMAN', 'impor', 'JERMAN', '2024-09-13 06:54:59', '10753eb7-45f6-4f8a-a223-a330460f8799', '2024-09-13 06:54:59', NULL),
('9c7049d2-2fc8-4f28-923e-25c8a0721d2f', 'TORAY INTERNATIONAL INDONESIA', 'INDONESIA', 'lokal', 'INDONESIA', '2024-09-13 06:54:59', '10753eb7-45f6-4f8a-a223-a330460f8799', '2024-09-13 06:54:59', NULL),
('c5f6b13f-a7be-4fba-9a62-48fc8eeb0a4d', 'Polifilm Cina', 'Cina', 'impor', 'CINA', '2024-09-13 06:54:59', '10753eb7-45f6-4f8a-a223-a330460f8799', '2024-09-13 06:54:59', NULL),
('d5e1476f-106d-4780-95ab-f4ede7962b25', 'SEWON COMMERCIAL', 'KOREA', 'impor', 'KOREA', '2024-09-13 06:54:59', '10753eb7-45f6-4f8a-a223-a330460f8799', '2024-09-13 06:54:59', NULL),
('db84abc1-b2f5-44e3-99b2-b4dc04929459', 'PT. INABATA INDONESIA', 'JAKARTA', 'lokal', 'INDONESIA', '2024-09-13 06:54:59', '10753eb7-45f6-4f8a-a223-a330460f8799', '2024-09-13 06:54:59', NULL),
('e4bc7695-de14-4fc9-a9e7-029655f1d89b', 'PT. VISI MISI PERKASA', 'BELITUNG', 'lokal', 'INDONESIA', '2024-09-13 06:54:59', '10753eb7-45f6-4f8a-a223-a330460f8799', '2024-09-13 06:54:59', NULL),
('e6bab9c3-8a06-4baa-8cbe-ab9d7433ee91', 'LG CHEM LTD', '20 LG TWIN TOWER', 'impor', 'KOREA', '2024-09-13 06:54:59', '10753eb7-45f6-4f8a-a223-a330460f8799', '2024-09-13 06:54:59', NULL);

-- --------------------------------------------------------

--
-- Table structure for table `users`
--

CREATE TABLE `users` (
  `uid` varchar(40) NOT NULL,
  `name` varchar(255) DEFAULT NULL,
  `profile_picture` varchar(255) DEFAULT NULL,
  `username` varchar(255) DEFAULT NULL,
  `password` varchar(255) DEFAULT NULL,
  `active` tinyint(1) DEFAULT NULL,
  `role_uid` varchar(40) DEFAULT NULL,
  `created_at` timestamp NOT NULL DEFAULT current_timestamp(),
  `created_by` varchar(40) DEFAULT NULL,
  `updated_at` timestamp NOT NULL DEFAULT current_timestamp() ON UPDATE current_timestamp(),
  `updated_by` varchar(40) DEFAULT NULL
) ENGINE=InnoDB DEFAULT CHARSET=utf8mb4 COLLATE=utf8mb4_general_ci;

--
-- Dumping data for table `users`
--

INSERT INTO `users` (`uid`, `name`, `profile_picture`, `username`, `password`, `active`, `role_uid`, `created_at`, `created_by`, `updated_at`, `updated_by`) VALUES
('09e0f4b7-ce63-4e2b-bf51-43919bd0a0cc', 'Gudang', NULL, 'gudang', '$2y$12$oSM1sGzr82.s6swnTXWWO.FDOAuQgM/MMQGo07AKREzFoEmgBkO46', 1, '6363abba-bae5-4212-88b3-808b3d82c79d', '2024-09-23 01:18:01', '10753eb7-45f6-4f8a-a223-a330460f8799', '2024-09-23 01:18:01', NULL),
('10753eb7-45f6-4f8a-a223-a330460f8799', 'Admin', NULL, 'admin', '$2y$12$mkClFNf/6iMyPfS7NHsLne9VTbnu8n/UFusb5aaDcQpVZtunN9RwC', 1, '731f53cb-5c48-4b5f-add6-bb5e6abc9698', '2024-09-03 03:30:56', NULL, '2024-09-03 03:30:56', NULL),
('d9287e61-0634-4019-a1da-1b35d52361da', 'Exim', '1726038649.jpg', 'exim', '$2y$12$h31x8OdoK0aPRfxoc3QeWuHv.POyufIepWyjseG22YCR8WWcNZVc.', 1, '0e5b2112-12b0-4773-885e-6288386c0586', '2024-09-04 18:30:43', '10753eb7-45f6-4f8a-a223-a330460f8799', '2024-09-11 00:11:09', NULL);

-- --------------------------------------------------------

--
-- Table structure for table `waste`
--

CREATE TABLE `waste` (
  `uid` varchar(40) NOT NULL,
  `nama` varchar(255) DEFAULT NULL,
  `kode` varchar(255) DEFAULT NULL,
  `created_at` timestamp NOT NULL DEFAULT current_timestamp(),
  `created_by` varchar(40) DEFAULT NULL,
  `updated_at` timestamp NOT NULL DEFAULT current_timestamp() ON UPDATE current_timestamp(),
  `updated_by` varchar(40) DEFAULT NULL
) ENGINE=InnoDB DEFAULT CHARSET=utf8mb4 COLLATE=utf8mb4_general_ci;

--
-- Dumping data for table `waste`
--

INSERT INTO `waste` (`uid`, `nama`, `kode`, `created_at`, `created_by`, `updated_at`, `updated_by`) VALUES
('25c6ea9e-7a4c-4480-a806-34e7bcb25881', 'Lempengan', 'lempengan', '2024-09-12 23:41:57', '10753eb7-45f6-4f8a-a223-a330460f8799', '2024-09-12 23:41:57', NULL),
('66f68aa4-9ebb-4ad4-bb71-457efb256fbc', 'Vacuum', 'vacuum', '2024-09-12 23:42:26', '10753eb7-45f6-4f8a-a223-a330460f8799', '2024-09-12 23:42:26', NULL),
('6e99b854-95c1-47f6-9237-eab28654011b', 'Kurasan', 'kurasan', '2024-09-12 23:41:36', '10753eb7-45f6-4f8a-a223-a330460f8799', '2024-09-12 23:41:36', NULL),
('71b0b0da-bb46-406f-b2bc-b9c0e20ec7c5', 'Masking', 'masking', '2024-09-12 23:42:07', '10753eb7-45f6-4f8a-a223-a330460f8799', '2024-09-12 23:42:07', NULL),
('915fdc62-05ff-45f2-98be-7b3f7fc0eca4', 'Debu', 'debu', '2024-09-09 22:55:25', '10753eb7-45f6-4f8a-a223-a330460f8799', '2024-09-09 22:55:25', NULL),
('b599a27f-e883-46fc-b635-0647d6a05eb7', 'RCM', 'rcm', '2024-09-12 23:42:17', '10753eb7-45f6-4f8a-a223-a330460f8799', '2024-09-12 23:42:17', NULL),
('cae5aef2-a899-4bfb-898b-64b8b938c81f', 'Laminasi', 'laminasi', '2024-09-12 23:41:47', '10753eb7-45f6-4f8a-a223-a330460f8799', '2024-09-12 23:41:47', NULL);

--
-- Indexes for dumped tables
--

--
-- Indexes for table `bagian`
--
ALTER TABLE `bagian`
  ADD PRIMARY KEY (`uid`),
  ADD KEY `created_by` (`created_by`),
  ADD KEY `updated_by` (`updated_by`);

--
-- Indexes for table `bahan`
--
ALTER TABLE `bahan`
  ADD PRIMARY KEY (`uid`),
  ADD KEY `created_by` (`created_by`),
  ADD KEY `updated_by` (`updated_by`);

--
-- Indexes for table `bahan_keluar`
--
ALTER TABLE `bahan_keluar`
  ADD PRIMARY KEY (`uid`),
  ADD KEY `bagian_uid` (`bagian_uid`),
  ADD KEY `created_by` (`created_by`),
  ADD KEY `updated_by` (`updated_by`);

--
-- Indexes for table `bahan_keluar_item`
--
ALTER TABLE `bahan_keluar_item`
  ADD PRIMARY KEY (`uid`),
  ADD KEY `bahan_keluar_uid` (`bahan_keluar_uid`),
  ADD KEY `bahan_uid` (`bahan_uid`),
  ADD KEY `created_by` (`created_by`),
  ADD KEY `updated_by` (`updated_by`);

--
-- Indexes for table `bahan_masuk`
--
ALTER TABLE `bahan_masuk`
  ADD PRIMARY KEY (`uid`),
  ADD KEY `supplier_uid` (`supplier_uid`),
  ADD KEY `created_by` (`created_by`),
  ADD KEY `updated_by` (`updated_by`);

--
-- Indexes for table `bahan_masuk_item`
--
ALTER TABLE `bahan_masuk_item`
  ADD PRIMARY KEY (`uid`),
  ADD KEY `bahan_masuk_uid` (`bahan_masuk_uid`),
  ADD KEY `bahan_uid` (`bahan_uid`),
  ADD KEY `gudang_uid` (`gudang_uid`),
  ADD KEY `created_by` (`created_by`),
  ADD KEY `updated_by` (`updated_by`);

--
-- Indexes for table `barang`
--
ALTER TABLE `barang`
  ADD PRIMARY KEY (`uid`),
  ADD KEY `created_by` (`created_by`),
  ADD KEY `updated_by` (`updated_by`);

--
-- Indexes for table `cache`
--
ALTER TABLE `cache`
  ADD PRIMARY KEY (`key`);

--
-- Indexes for table `cache_locks`
--
ALTER TABLE `cache_locks`
  ADD PRIMARY KEY (`key`);

--
-- Indexes for table `customer`
--
ALTER TABLE `customer`
  ADD PRIMARY KEY (`uid`),
  ADD KEY `created_by` (`created_by`),
  ADD KEY `updated_by` (`updated_by`);

--
-- Indexes for table `failed_jobs`
--
ALTER TABLE `failed_jobs`
  ADD PRIMARY KEY (`id`),
  ADD UNIQUE KEY `failed_jobs_uuid_unique` (`uuid`);

--
-- Indexes for table `gudang`
--
ALTER TABLE `gudang`
  ADD PRIMARY KEY (`uid`),
  ADD KEY `created_by` (`created_by`),
  ADD KEY `updated_by` (`updated_by`);

--
-- Indexes for table `jenis_waste`
--
ALTER TABLE `jenis_waste`
  ADD PRIMARY KEY (`uid`),
  ADD KEY `created_by` (`created_by`),
  ADD KEY `updated_by` (`updated_by`);

--
-- Indexes for table `jobs`
--
ALTER TABLE `jobs`
  ADD PRIMARY KEY (`id`),
  ADD KEY `jobs_queue_index` (`queue`);

--
-- Indexes for table `job_batches`
--
ALTER TABLE `job_batches`
  ADD PRIMARY KEY (`id`);

--
-- Indexes for table `migrations`
--
ALTER TABLE `migrations`
  ADD PRIMARY KEY (`id`);

--
-- Indexes for table `password_reset_tokens`
--
ALTER TABLE `password_reset_tokens`
  ADD PRIMARY KEY (`email`);

--
-- Indexes for table `roles`
--
ALTER TABLE `roles`
  ADD PRIMARY KEY (`uid`),
  ADD UNIQUE KEY `unique_uid` (`uid`);

--
-- Indexes for table `sessions`
--
ALTER TABLE `sessions`
  ADD PRIMARY KEY (`id`),
  ADD KEY `sessions_user_id_index` (`user_id`),
  ADD KEY `sessions_last_activity_index` (`last_activity`);

--
-- Indexes for table `supplier`
--
ALTER TABLE `supplier`
  ADD PRIMARY KEY (`uid`),
  ADD KEY `created_by` (`created_by`),
  ADD KEY `updated_by` (`updated_by`);

--
-- Indexes for table `users`
--
ALTER TABLE `users`
  ADD PRIMARY KEY (`uid`),
  ADD UNIQUE KEY `unique_uid` (`uid`),
  ADD UNIQUE KEY `username` (`username`),
  ADD KEY `role_uid` (`role_uid`),
  ADD KEY `created_by` (`created_by`),
  ADD KEY `updated_by` (`updated_by`);

--
-- Indexes for table `waste`
--
ALTER TABLE `waste`
  ADD PRIMARY KEY (`uid`),
  ADD KEY `created_by` (`created_by`),
  ADD KEY `updated_by` (`updated_by`);

--
-- AUTO_INCREMENT for dumped tables
--

--
-- AUTO_INCREMENT for table `failed_jobs`
--
ALTER TABLE `failed_jobs`
  MODIFY `id` bigint(20) UNSIGNED NOT NULL AUTO_INCREMENT;

--
-- AUTO_INCREMENT for table `jobs`
--
ALTER TABLE `jobs`
  MODIFY `id` bigint(20) UNSIGNED NOT NULL AUTO_INCREMENT;

--
-- AUTO_INCREMENT for table `migrations`
--
ALTER TABLE `migrations`
  MODIFY `id` int(10) UNSIGNED NOT NULL AUTO_INCREMENT, AUTO_INCREMENT=4;

--
-- Constraints for dumped tables
--

--
-- Constraints for table `bagian`
--
ALTER TABLE `bagian`
  ADD CONSTRAINT `bagian_ibfk_1` FOREIGN KEY (`created_by`) REFERENCES `users` (`uid`),
  ADD CONSTRAINT `bagian_ibfk_2` FOREIGN KEY (`updated_by`) REFERENCES `users` (`uid`);

--
-- Constraints for table `bahan`
--
ALTER TABLE `bahan`
  ADD CONSTRAINT `bahan_ibfk_1` FOREIGN KEY (`created_by`) REFERENCES `users` (`uid`),
  ADD CONSTRAINT `bahan_ibfk_2` FOREIGN KEY (`updated_by`) REFERENCES `users` (`uid`);

--
-- Constraints for table `bahan_keluar`
--
ALTER TABLE `bahan_keluar`
  ADD CONSTRAINT `bahan_keluar_ibfk_1` FOREIGN KEY (`bagian_uid`) REFERENCES `bagian` (`uid`),
  ADD CONSTRAINT `bahan_keluar_ibfk_2` FOREIGN KEY (`created_by`) REFERENCES `users` (`uid`),
  ADD CONSTRAINT `bahan_keluar_ibfk_3` FOREIGN KEY (`updated_by`) REFERENCES `users` (`uid`);

--
-- Constraints for table `bahan_keluar_item`
--
ALTER TABLE `bahan_keluar_item`
  ADD CONSTRAINT `bahan_keluar_item_ibfk_1` FOREIGN KEY (`bahan_keluar_uid`) REFERENCES `bahan_keluar` (`uid`),
  ADD CONSTRAINT `bahan_keluar_item_ibfk_2` FOREIGN KEY (`bahan_uid`) REFERENCES `bahan` (`uid`),
  ADD CONSTRAINT `bahan_keluar_item_ibfk_3` FOREIGN KEY (`created_by`) REFERENCES `users` (`uid`),
  ADD CONSTRAINT `bahan_keluar_item_ibfk_4` FOREIGN KEY (`updated_by`) REFERENCES `users` (`uid`);

--
-- Constraints for table `bahan_masuk`
--
ALTER TABLE `bahan_masuk`
  ADD CONSTRAINT `bahan_masuk_ibfk_1` FOREIGN KEY (`supplier_uid`) REFERENCES `supplier` (`uid`),
  ADD CONSTRAINT `bahan_masuk_ibfk_2` FOREIGN KEY (`created_by`) REFERENCES `users` (`uid`),
  ADD CONSTRAINT `bahan_masuk_ibfk_3` FOREIGN KEY (`updated_by`) REFERENCES `users` (`uid`);

--
-- Constraints for table `bahan_masuk_item`
--
ALTER TABLE `bahan_masuk_item`
  ADD CONSTRAINT `bahan_masuk_item_ibfk_1` FOREIGN KEY (`bahan_masuk_uid`) REFERENCES `bahan_masuk` (`uid`) ON DELETE CASCADE,
  ADD CONSTRAINT `bahan_masuk_item_ibfk_2` FOREIGN KEY (`bahan_uid`) REFERENCES `bahan` (`uid`),
  ADD CONSTRAINT `bahan_masuk_item_ibfk_3` FOREIGN KEY (`gudang_uid`) REFERENCES `gudang` (`uid`),
  ADD CONSTRAINT `bahan_masuk_item_ibfk_4` FOREIGN KEY (`created_by`) REFERENCES `users` (`uid`),
  ADD CONSTRAINT `bahan_masuk_item_ibfk_5` FOREIGN KEY (`updated_by`) REFERENCES `users` (`uid`);

--
-- Constraints for table `barang`
--
ALTER TABLE `barang`
  ADD CONSTRAINT `barang_ibfk_1` FOREIGN KEY (`created_by`) REFERENCES `users` (`uid`),
  ADD CONSTRAINT `barang_ibfk_2` FOREIGN KEY (`updated_by`) REFERENCES `users` (`uid`);

--
-- Constraints for table `customer`
--
ALTER TABLE `customer`
  ADD CONSTRAINT `customer_ibfk_1` FOREIGN KEY (`created_by`) REFERENCES `users` (`uid`),
  ADD CONSTRAINT `customer_ibfk_2` FOREIGN KEY (`updated_by`) REFERENCES `users` (`uid`);

--
-- Constraints for table `gudang`
--
ALTER TABLE `gudang`
  ADD CONSTRAINT `gudang_ibfk_1` FOREIGN KEY (`created_by`) REFERENCES `users` (`uid`),
  ADD CONSTRAINT `gudang_ibfk_2` FOREIGN KEY (`updated_by`) REFERENCES `users` (`uid`);

--
-- Constraints for table `jenis_waste`
--
ALTER TABLE `jenis_waste`
  ADD CONSTRAINT `jenis_waste_ibfk_1` FOREIGN KEY (`created_by`) REFERENCES `users` (`uid`),
  ADD CONSTRAINT `jenis_waste_ibfk_2` FOREIGN KEY (`updated_by`) REFERENCES `users` (`uid`);

--
-- Constraints for table `supplier`
--
ALTER TABLE `supplier`
  ADD CONSTRAINT `supplier_ibfk_1` FOREIGN KEY (`created_by`) REFERENCES `users` (`uid`),
  ADD CONSTRAINT `supplier_ibfk_2` FOREIGN KEY (`updated_by`) REFERENCES `users` (`uid`);

--
-- Constraints for table `users`
--
ALTER TABLE `users`
  ADD CONSTRAINT `users_ibfk_1` FOREIGN KEY (`role_uid`) REFERENCES `roles` (`uid`),
  ADD CONSTRAINT `users_ibfk_2` FOREIGN KEY (`created_by`) REFERENCES `users` (`uid`),
  ADD CONSTRAINT `users_ibfk_3` FOREIGN KEY (`updated_by`) REFERENCES `users` (`uid`);

--
-- Constraints for table `waste`
--
ALTER TABLE `waste`
  ADD CONSTRAINT `waste_ibfk_1` FOREIGN KEY (`created_by`) REFERENCES `users` (`uid`),
  ADD CONSTRAINT `waste_ibfk_2` FOREIGN KEY (`updated_by`) REFERENCES `users` (`uid`);
COMMIT;

/*!40101 SET CHARACTER_SET_CLIENT=@OLD_CHARACTER_SET_CLIENT */;
/*!40101 SET CHARACTER_SET_RESULTS=@OLD_CHARACTER_SET_RESULTS */;
/*!40101 SET COLLATION_CONNECTION=@OLD_COLLATION_CONNECTION */;
